title,review_text,stars,url
Green Book,"电影不难看，但并不妨碍它是垃圾
就是一部取悦当代高级白人的伪平权电影
电影里，Dr. Don Shirley说他们为什么喜欢听我弹琴，是因为他们想feel cultured；现实中，为什么“他们”喜欢看这种电影，是因为想feel cultured
电影的前2/3都在刻画种族隔离年代白人警察、服务员、听众对黑人钢琴家的不公，最后部分，突然转调，再次把他们拦下的警察其实是为了提醒他们车胎没气了（不是因为车里有黑人！）；在黑人酒吧快乐地弹琴喝酒后，鬼鬼祟祟的黑人果然是会去偷钱的！
电影院里，观众们在看到前半部分都纷纷感觉坐立难安（当然！），为了安慰一下这些观众，势必最后还是要回归一下，白人（你们）还是很好的，黑人还是有小偷的。走出电影院，观众在获得娱乐后，同时又feel cultured了，多么自娱自乐！
电影中，司机先生是一个理所当然的英雄，虽然他粗俗、爱钱、瞧不起黑人，但是重要情节中总是他把Shelley救出来。而钢琴家Shirley是一个怂且挫的queer，就连他同性恋这点的描写，都是让他畏畏缩缩在警局中和另一个男人裸体关起来实现的；他也没有朋友，和家人很疏离，连圣诞节都没有地方可以去，最后当然走到司机先生家里和司机一大家子人一起大团圆过了圣诞节。
电影中的一切关于种族问题的描写已经很垃圾了。整部片从成片到拿奖，真实地体现了好莱坞是多么地热爱自我表扬。
影片一直主打的是真实性，导演也宣称影片中所有情节都是真实的，但是遭到Shirley家人的抗议，称影片“full of lies”，真实的Shirley是一个相当有成就的人，他和家人朋友关系也并没有像影片描述的那样疏离。Shirley家人认为影片并没有很真实地刻画他，而是讲述了一个白人视角下的黑人生活（确实，电影原作为司机先生的后人）。
关于《绿皮书》争议的文章：
https://shadowandact.com/green-book-is-full-of-lies-dr-don-shirleys-family-speaks-out
https://shadowandact.com/green-book-film-review-white-savior/
然而奥斯卡无视了这一切，把最佳影片给了《绿皮书》；Ali明明是一个十足的主角，却给了他最佳男配。电影内外真是配合得天衣无缝，主角成了配角，奥斯卡散场后，大家心理大概又会觉得自己做了特别了不起的一件事。
另：Roma，一部“公子哥假装为底层发声”的电影，也理所当然地拿了最佳外语片，而真正关注底层例如Sean Baker的电影永远得不到学院派的关注。",1,https://movie.douban.com/review/10006626/
Green Book,费了老大劲重新登录了豆瓣~安全问题被封了~~只想说~这种电影有8.9分~国内的五分好评者 真的以为自己是白人司机还是黑人音乐家~~真的所有我们这些人不过是那个最卑微最底层的印度男仆~~真的做好了不跪舔不安的状态了吗？黑人音乐家喝醉酒后接受了本民族~种族的文化~却要被白人司机保护财产安全~~反映后不去联系自己的哥哥或者和被更被压迫的亚洲人共渡新年~非要通过获得二流白人……意大利人的承认获得最终人性的救赎~~这么恶心甚至侮辱亚洲人的世界观还要被中国国内人追捧到8.9?真的豆瓣的观众跪的时间太长了~白主子和黑主子的和谐真的不包过那个印度裔亚洲人的尊严~~,1,https://movie.douban.com/review/10007799/
Green Book,"说起有黑人出镜的电影，我想到的是格里菲斯《一个国家的诞生》。三K党在最后三分钟前来从黑人手中拯救白人，这是颠倒黑白的做法。后来，美国的右派又开始采用糖衣炮弹的方式收编黑人。我对《绿皮书》产生于宣传推广普世价值的美国并不感到意外。
电影导演很善于找故事，他找来的是一位黑人音乐家和一位意大利裔美国司机一路同行的故事。仅仅这一设定，就为制造“同一战线”的“为平权而战”的假象提供便利。在影片中，意大利裔美国人托尼·瓦莱隆加被嘲笑，他是作为“半个黑人”被认识的。电影如果增加对这位意大利人如何一步步认同美国文化的描写，以及他自以为融入了“大熔炉”却发现自己永远不会被接纳为美国人群体的一员，那么这个影片的价值将会发生很大改变。托尼·瓦莱隆加是“瓦莱隆加第二代”，他的父母是意大利人；而到了《绿皮书》的主创成员尼克·瓦莱隆加，已经是“瓦莱隆加第三代”，对美国生活方式思维方式的认同已经根深蒂固，他又怎会在《绿皮书》电影中表现美国认同之前的自己父亲的心态？因此，一位黑人音乐家和一位意大利裔美国司机一路同行就成为“万灵药”一般的空框架。对美国白人而言，它满足了自己自欺式的平权“完成时”想象；对其他人而言，它满足了因共同被歧视而走向联合的“兄弟情谊”价值观想象。
时间被大大缩短。现实生活中，此行花了一年半的时间，而在电影中，唐·雪利则说成是是八个星期。美国人最擅长将大事化小，对敏感的有争议的歧视问题也一样。在托尼之后还有一个应聘职位的人，是个中国人。镜头上没有给出。在唐·雪利的办公室，托尼用了“chink”这样一个有辱华倾向的词语。但是，唐·雪利还是聘用了托尼，而没有聘用那个中国人。托尼·瓦莱隆加对一个印度人使眼色，让他把自己的行李放到后备箱里，印度人也对托尼·瓦莱隆加使眼色让他自己解决问题，我当时在想这位印度人是何等勇敢，但下一秒他把托尼的行李放上了车。唐·雪利在一个澡堂被抓，而其中一个警察是黑人，这个细节不知道有没有人注意到。但是电影是如何“摆平”的呢？托尼·瓦莱隆加给两个警察各买一套西服。在车上，唐·雪利反驳托尼·瓦莱隆加说，有些黑人喜欢炸鸡块，并不代表我喜欢。但是，过了没多久，在白人别墅中，唐·雪利得到“盛情款待”，其中的司务说，我们绞尽脑汁想要为您制作一份特别的食物，而实际上这份特别的食物，正是按照对黑人的刻板印象“量身定做”的炸鸡块。这次，唐·雪利忍气吞声，吃下了炸鸡块。如果在车上唐·雪利最终吃掉了炸鸡块是出于尝试的心态，那么在宴会上他吃掉了炸鸡块意味着什么？为什么他的餐食与其他人的不同？这是“盛情款待”还是“区别对待”？观众有没有想过这些问题？
更为荒谬的是，随行的一位苏联人，在提出喝伏特加的时候，说了一句，旅程结束，冷战也该结束了。这显然是从后设历史的角度说出的话。这在二十世纪六十年代的美国是不可能出现的。
看起来，《绿皮书》整个电影就是把歧视问题放在不易察觉的位置，并且用温情脉脉的叙事进行掩盖。这部电影，涉及到意大利人、黑人、中国人、苏联人、印度人……但是这些问题都被问出，却没有回应。它冒险加入了新的成分，黑人群体内部的矛盾。当唐·雪利看到南方蓄奴州的黑奴在工作时，他心里是充满同情的。但是下一秒，在汽车旅店其他黑人觉得唐·雪利“穿上了‘管家服’”就忘记自己从前的贫穷，在这一点上，唐·雪利没有辩驳。他有太多的话想要对自己的同胞说，心里极度难过，就跑到一个酒吧饮酒买醉，结果遇到了一群白人捉弄他，在被捉弄的过程中，他或许会觉得自己与那些邀请他玩游戏的黑人之间的距离会缩短一些。这一部分，或许是《绿皮书》唯一的加分项。
这真的是一个歌舞升平的黑人与白人和平共处的时代吗？在二十世纪六十年代不是，在奥斯卡颁奖现场的二〇一九年也不是。对美国白人而言，它满足了自己自欺式的平权“完成时”想象；对其他人而言，它满足了因共同被歧视而走向联合的“兄弟情谊”价值观想象。",1,https://movie.douban.com/review/10023134/
Green Book,"当我知道这部号称真实事件改编的电影被黑人家庭原型抵制的时候，我开始重新审视这部电影。

黑人原型的家人一直在表示抗议，说他们根本没有成为朋友，但制作组从未理睬他们，而是全盘采用了白人家庭的说法。

一部号称种族平等的电影，拍摄的基础却是编造事实，消费黑人死者，听信白人的一面之词，这是彻头彻尾的白人至上主义，言行背道而驰，虚伪至极。

既然制作组非要恶心人编造出一个谎言，那一定是有它的目的，于是我自然而然的对其进行了政治解读。

虽然黑人钢琴家貌似处在更高的地位，但白人司机才是他灵魂的导师，二者类似羊与牧羊人的关系。黑人只是教会了白人如何写作，但白人却带领黑人重新认识了黑人文化，并且在黑人受到种族歧视的时候保护了他。在旅程结束之后，黑人孤零零的过节，可怜兮兮向白人司机求助，于是那个养出白人至上主义儿子的传统意大利移民家庭就接纳了黑人一起过节。

脱离了底层的黑人是孤独的，无法与黑人社区融合，只能可怜兮兮的示弱，恳求白人接纳他，于是阶级跃升的黑人就像一滴水融入大海一样进入了白人阵营，与他的黑人同胞割席了。白人比黑人更懂黑人（抢占话语权），白人是聪明且富有见识的群体，白人道德高尚富有同情心，虽然他们歧视黑人，但不吝于收买黑人精英，给他们发荣誉白人的勋章，继续维持着系统性种族歧视的社会秩序。

但黑人精英的“孤独”本来就是系统性种族歧视的结果，在种族隔离下的今天，黑人街区的教育、医疗、治安力量都比白人差，黑人成为中产阶级的概率就比白人低了很多，而黑人又是少数族裔，基数更小，导致黑人精英的数量非常少，难以报团。为了生活，他们不得不向中产阶级的主流群体报团，吸收他们的思想，精神“白人化”，形式作风比白人更白人才能融入白人群体。而白人的“接纳”不过是维护统治的收买，就像王室收买义军领袖，剥削阶级把挑战者吸纳进队伍，但统治者和被统治者的身份是绝不改变的。

很显然白人家庭美化了自己，既然他们从未成为朋友，那事情的真相早在电影的开头就已经说明了：白人至上主义的中年白男阴差阳错的做了黑人的司机，他从始至终没有改变过自己的政治倾向，一直歧视黑人；而黑人钢琴家根本不是同性恋，对歧视他的白人没有任何好感和宽容，勉强搭伙同行，旅途结束以后就分道扬镳，死了以后还要被编排同性恋，被消费名誉，成为白人老爷输出虚伪的“普世价值观”－－种族平等－－的工具。",1,https://movie.douban.com/review/15831682/
Green Book,"明明只有白人奴役迫害过黑人，却拍出一个电影告诉所有人“请向我们这位白人兄弟一样，做一个不歧视别人的好人”。于是电影一出，白人瞬间拉上全世界没迫害过黑人的其他人，一起站到了“不歧视”的道德高地上。还有一堆人对着电影传达的“不歧视的精神”感动得稀里哗啦。美国白人可真够狡猾的
当年迫害奴役排挤黑人的是白人，今天给自己“不歧视”唱颂歌的也是白人，这可奇了怪了！这电影的价值观简直可怕。
关键是，从没跟白人一起迫害过黑人的观众们，也被电影这“颂歌”感动了。接受电影的价值观，不也就等于把迫害过黑人的白人，和其他人，用同一标准“有没有歧视黑人”相提并论了吗？看了很多影评，不少提到过去黑人血泪史，口气都挺平淡的，毕竟咱们也不是黑人，无法感同身受。
还有更多的影评，跟着电影的节奏，一起“反思自己”应该抛弃歧视（喂喂，你可没有迫害过黑人啊）。
一部“反歧视”电影，不是让迫害歧视过黑人的白人忏悔，而是让不论有没有参与迫害的人，一起思考“我不应该歧视”，哇，不得不说，这电影的目的太高明了！从这个角度说，得奥斯卡简直实至名归！
以前听说“白左”“政治正确”，不怎么关心时政，不太了解其深意。以为因为白人曾剥削奴役过黑人，所以深感愧疚忏悔，就像二战战犯一样。以为愧疚忏悔是“政治正确”，我觉得我太天真了。
我没有从这个很“政治正确”的电影里看出什么愧疚忏悔。倒是一股扑面而来的白人傲慢。
电影里那个黑人所做的一切，都是白人世界里定义的“高贵”。因为那个黑人，所有的一切，都是白人文化。只过他是个黑人。所以这电影还是在说，像我们白人这样生活的人，比如讲一口流利漂亮的英文，比如有从容大度的“绅士精神”，就是高贵的，不信我找个黑人来做，你看是不是？像你们黑人那样做，比如吃手爪炸鸡，就是粗俗，不信我找个白人演给你们看。
所以，我们不是歧视肤色，而是因为人的言行举止有高下之分。
可是，谁拥有“绅士文化”呢，这东西不就是是白人发展出来的吗，那不还是在吹白人高贵吗？兜个弯你就认不出来了么。而“手抓炸鸡”，当然不算黑人文化，那是因为他们生活底层，这是无奈。那么电影里，有展现对这种无奈的同情吗？没有，还是在嘲讽，只不过换了白人来演，难道这样就认不出来了吗？
打着“不歧视”的旗号，话里话外告诉你“白人文化最高贵”，这真的挺讽刺的
所谓的“政治正确”不是对过去犯下罪行的忏悔赎罪（白人对黑人所犯的罪行，何止“歧视”呢）。只不过是想方设法地，找一个角度，把犯罪的和没犯罪的，一起找一个“不歧视”的名义来“共沉沦”。当所有人都在讨论“不歧视”，也就没人好意思提起过去的“累累罪行”了，毕竟，要“放下歧视，呼吁和平”。别人都不歧视你了，你咋好意思翻那些“旧账”呢。更别说，你还得学习“绅士精神”的那种包容宽厚呢。
难怪叫“政治正确”了，这是谁的政治？显然是白人的政治。那自然也是白人的正确了。
兜兜转转绕了一大圈，其实不是为黑人，是为了白人，谁把控了政治，谁拥有了“正确”，叫“政治正确”，一点问题都没有！",1,https://movie.douban.com/review/10020898/
Green Book,"你把《绿皮书》的黑人钢琴家换成朗朗，想象一下画面：
朗朗看着修铁路的华人劳工沉思；白人司机请朗朗吃了顿左宗棠鸡，朗朗吃的特别开心；半路上朗朗因为同性恋问题被抓，白人司机去捞人。
最后结局是朗朗一个人特别孤独，跑去白人司机家去过圣诞节，体会美式大家庭的温情并流下了感动的泪水。
你看了不骂娘？",1,https://movie.douban.com/review/14586870/
Green Book,看电影之前看到海报感觉会是个和解电影，看完之后…嗯…真是替黑人兄弟心塞。这部电影只能以讽刺的角度来看，片中的黑人是我看过最白的黑人，他的说话方式，动作神态，简直是逃出绝命镇里面被换过头后的黑人现实版。片中并没有表达对黑人的被奴役的这段历史的歉意与反思，相反似乎电影的主题是：只有白人才是人。电影仿佛在说“黑奴们，你们想变成人吗？你得先受到精英教育，说话做事像个白人一样才行。”如果他是讽刺电影那么有7分，如果电影的主题是和解，那么只有0分，因为真的真的真的跑题。,1,https://movie.douban.com/review/13161320/
Green Book,"《绿皮书》一部吹捧故作清高的尼哥的反价值观电影。本片的故事架构抄袭《触不可及》，更是将白人与尼哥的地位互换，以达到博人眼球的目的😡😡😡
    众所周知，钢琴曲是古典高雅艺术的代表，而本片里的尼哥不仅把非洲庸俗的节奏混入钢琴曲中，更是因为自己这样的小聪明，而沾沾自喜，一度逃避自己尼哥的身份，还瞧不起自己的同类🤮🤮🤮这不仅玷污了艺术的高雅，更是反映了尼哥的格局之低且毫无廉耻之心。
   尼哥为了巡演钱财而出卖自己的灵魂，面对别人的嘲讽也视若无睹，这样没有尊严的人，怎配弹奏钢琴这样的艺术品😡😡😡影片的最后，孤独的尼哥在圣诞节时，不仅不去在同类中寻找慰藉，还恬不知耻地巴结上了白人，请问他是否还有丝毫底线🤮🤮🤮
    导演拍此片纯属恶心人，将这样的无德尼哥奉为主角，请问这就是奥斯卡的选角标准吗😡😡😡爱慕柴泥子权威评价：半颗星🤮🤮🤮",1,https://movie.douban.com/review/12467200/
Green Book,说实话，空洞，没意思，也许以美国人的文化背景能看出很多我看不懂的意义。但毫无疑问，这部电影成了很多人装逼的资本，在评论区把一些很普通的地方夸的如同绝世佳作，以显示自己理解的透彻，看懂了别人不懂的地方。如果把同样的故事换成中国背景，肯定被喷老套、无聊，甚至被贬的一无是处。有些人别总想着怎么标新立异，显示自己多么有深度，实话实说不好吗？,1,https://movie.douban.com/review/12167310/
Green Book,"2022/2/22 更新
两年过去，回过头来再看自己写的影评，我得承认我依旧不喜欢这部电影，不过这也许仅仅是观影的口味问题。我对这部影片的批评有些过于苛刻了，在追求平等的道路上，必然会有些不完美的尝试，若因其不真诚而对其大加挞伐，也许就阻塞了通往真正平权的路径。毕竟，两年之后，我们已经到了一个如此关注道德评判，以至于忽视事实对错的时代，令我觉得这样无趣到如同交作业的电影都显得珍贵。
2019/10/3 原文：
这部电影不蠢，但很坏，很媚俗，很无趣。
电影掐着表一样遵循剧情起承转合的模式，走向、细节、反转都中规中矩到枯燥。从剧情到形式，无疑，《绿皮书》如打靶一般精确地命中了奥斯卡评委的G点。
总体观感，就是一个白人在咣咣敲黑板，说着：我们可没有歧视黑人啊！然后所有人都获得了一种自我救赎的崇高感和满足感。
“媚俗让人接连产生两滴感动的泪滴，第一滴眼泪说：瞧这草坪上奔跑的孩子们，真美啊！
第二滴眼泪说：看到孩子们在草坪上奔跑，跟全人类一起被感动，真美啊！”
种族问题是严肃的，黑人遭受歧视的历史是一段浸满了鲜血和疼痛的历史，而这部电影仅用几个语录式的句子和表面上的温情脉脉就把沉重的历史轻飘飘地一笔勾销。
巧妙掩饰的傲慢依旧是傲慢，华丽组装的垃圾也只能是垃圾。",1,https://movie.douban.com/review/10548083/
Green Book,"单论剧情，影片有很多触动人心的地方，确实温情，但是一旦扯上绕不过种族歧视的话题，他仅仅只是“优越种族”的高姿态伪善，单方面自嗨而已，看不明白吗，那是因为在白人歧视黑人的问题上，我们只是旁观者。
首先我们来看影片讲述的故事。
三个关键点，种族矛盾非常尖锐的时期，一位黑人钢琴家，一个白人司机。
在种族矛盾非常尖锐的时期，一个黑人钢琴家到处努力出没于白人社会演奏，为了告诉白人我们黑人也可以弹高雅的音乐，我们黑人也可以！当然白人认可了这位黑人的才能，但日常生活中，对不起，还是把你当狗，幸好在一次演出旅行中，这位黑人钢琴家雇佣了一位白人混混当司机，这个白人混混起初与其他很多白人对黑人的态度没什么不同，甚至黑人喝过的杯子他都觉得恶心，立马扔掉，但在路途中，与他粗俗的外表不同，他逐渐展现出理解包容黑人钢琴家的一面，甚至他为黑人钢琴家开启了一扇门，隐隐成为了黑人钢琴家人生导师的感觉。影片的结尾，这位黑人钢琴家终于被感化，并成功被白人大家庭接受，一起欢度那个白人一年中最欢庆的节日，真的，很温馨。
看出来问题了吗，没看出也没关系，接着往下看，我们来看一下另一个故事，把三个关键点替换一下，种族矛盾非常尖锐的时期，一位黑人钢琴家，一个白人司机，
替换成日本侵华时期，一位中国钢琴家，一个日本司机。
日本侵华时期，一个中国钢琴家到处努力出没于日本人社会演奏，为了告诉日本人我们中国人也可以弹高雅的音乐，我们中国人也可以！当然日本人认可了这位中国人的才能，但日常生活中，对不起，还是把你当狗，幸好在一次演出旅行中，这位中国钢琴家雇佣了一位日本混混当司机，这个日本混混起初与其他日本人对中国人的态度没什么不同，甚至中国人喝过的杯子他都觉得恶心，立马扔掉，但在路途中，与他粗俗的外表不同，他逐渐展现出理解包容中国钢琴家的一面，甚至他为中国钢琴家开启了一扇门，隐隐成为了中国钢琴家人生导师的感觉。影片的结尾，这位中国钢琴家终于被感化，并成功被日本大家庭接受，一起过那个日本人一年中最欢庆的节日，真的，很TM温馨。
现在，你能理解这是多可笑的伪善了吧。
这只是白人视角的温情，是曾经的施暴者单方面的和解方式。
“虽然我们两家以前发生过很多不愉快，但是，我都放下了，你看你，还扭扭捏捏在那里做什么，来融入我们吧，一起其乐融融啊！”。（别提过去，道歉，更是一个字都不用提哦）",1,https://movie.douban.com/review/10483999/
Green Book,"好久没有这么被恶心了，这电影的三观直接透视出美国主流社会的白人是多么虚伪傲慢。
黑人男主看似富有，实则一无所有，白人男主看似潦倒，实则什么都有。白人男主恶心黑人，同行当中变得不恶心了；黑人男主手无缚鸡之力，身不由己，需要白人男主出来拯救安慰保护；黑人男主从警察局出来，靠给政府高官（99%白人）打电话，最后黑人男主还是一无所有，被白人男主接纳了，黑人男主泪目，简直是精神乞讨直播现场。于是乎小家庭，大社会继续happy地生活下去，黑人族群们，该干嘛干嘛。
总结一下：这个电影表达的是，白人男主家庭是文明人，黑人族群都是没进化完全的野蛮人，黑人男主是唯一进化的1个，你不应该呆在野蛮人中间，来我这白人少数民族家里吧！然后白人上流社会看他们全体，跟看猴子差不多。——1个令人作呕的白人自high，粉饰太平，以种族歧视为内核的垃圾电影。",1,https://movie.douban.com/review/10259661/
Green Book,"剧本完全是根据片中白人男主的回忆录改的，事实上黑人钢琴家既不是男同也不是那个司机的好友。站在黑人群体的角度来看，整部电影充斥着一个底层白人对黑人精英的怜悯，所谓的种族和解不过白左们所虚构出来的用以自我陶醉的幻觉罢了。明明黑人钢琴家才是才华横溢打动人心的那个人，最后却连共度节日的友情都只是一个底层白人的施舍。更不用讲影片里还暗示肯尼迪兄弟才是六十年代黑人平权运动的领袖而刻意回避了黑人族群本身在这一历史时期的勇敢斗争。
《绿皮书》不过是又一部披着反种族歧视外衣，实际上隐藏更深的白人中心主义电影罢了。
或许连导演和编剧自己都没有意识到，他们那种已经融入到骨子里的傲慢充斥着整部电影。
想通了这一点之后，突然觉得再高超的的电影技巧也掩盖不住价值观的恶臭。",1,https://movie.douban.com/review/10228369/
Green Book,"这就9.1分了？这就能拿奥斯卡了？ 只能说，很失望，同是黑人钢琴手的电影《灵魂歌王》了解一下。《绿皮书》有几个点实在不吐不快。
1.一个男人离开家2个月去赚钱，老婆就哭了？又不是去卖命，还要求圣诞节一定要赶回来，要不就别回来了？这是什么要求，这是出去赚钱啊，不是出去玩，而且最后一场演出是圣诞节当天，赶不回来正常的吧，是从北方开车去南方啊，不是坐飞机呢（黑人问号）2.雪莉明知道南方歧视黑人严重，第一次晚上去酒吧被打就算了，第二次还要晚上去嫖男妓？不是作死吗？这次南巡崇高目的忘记了？这是给黑人摸黑吧？前面来的路上一起往车外扔鸡骨头可以，扔纸杯就不行了？what？鸡骨头可是更容易把后车轮胎刺破不是？这是想表现他素质高还是智商低？还是有洁癖？没看懂。学了几年音乐怎么要求这么高？人家餐厅规定不接待黑人用餐就不能将就一下？这么矫情？你这次过来合同上写的是演出，不是请你过来用餐，也不包括用餐吧？有没点契约精神？
3.晚上雨天警察查车说男主两句，男主居然一拳打过去了？？不怕警察拔枪就把你秒了？时而动不动就想动手，时而却表现得很世故很会处理事情，这是同一个人吗？人格分裂了点吧？4.5.6....太多了，不是拿了奥斯卡真心不想吐┐（─__─）┌",1,https://movie.douban.com/review/10114993/
Green Book,不想说那么多没用的，只想说请大家看看在美国受欺负的华裔吧，哪个人种是最受歧视的？哪个人种最受黑人白人欺负的？这电影值得你们感动的一把鼻涕一把泪？而且好笑么？,1,https://movie.douban.com/review/10062768/
Green Book,一群白皮猪搞出了一堆黑人难民，但是自己不接收让欧洲人接收，现在欧洲乱成一锅粥，出于对黑人的原罪感（选票），拍出了一个垃圾电影，赢得了广大白左、黑人和美分的鼓掌欢迎、热泪盈眶。但是在非洲的小孩依然趴在自己被炸死的亲人尸体上痛哭而无人理会，因为大家都在为美国的人权而欢呼。一群牧羊犬双标狗。,1,https://movie.douban.com/review/10057174/
Green Book,"看了《绿皮书》，一开始有点小感动，仔细分析起来，则全不对味。
首先，这部电影非常的政治正确，宣扬种族平等、种族和解，很符合美国一贯宣扬的，在人类道义上也本没什么错。
先来看《绿皮书》里的主角设定：
黑人钢琴家，身处美国上流社会，有才有钱有地位，但是家庭破碎，兄弟不睦，形单影只，内心孤独，还是个gay。而白人主角呢，虽然身处社会底层，没钱，工作又不稳定，但家庭完整和睦，夫妻恩爱，父母兄弟姐妹一大家子，其乐融融，好不温馨。通过这反差强烈的对比，你会发现，黑人即使爬到了社会上层，他的内心仍是孤独的，悲凉的，不快乐的。那怎么办呢？
然后，旅行之中发生的事，就是白人对黑人钢琴家的保护拯救、心灵的感化和送温暖。
透过银幕，我都能感受到白人那深深的优越感，而觉得处于上流阶层的黑人钢琴家就是一个人身需要保护，心灵需要呵护的可怜虫。看到这，我就明白了黑人钢琴家原型的家属为什么会抗议这部看似政治正确，看似披着温馨外衣的电影了。
美国白人对黑人毫无道理，几乎是出于本能的，根深蒂固的种族歧视，不仅仅只是情绪上的反应，而是已经上升恶化到大大小小的制度层面。仅仅靠着两个月的旅行相处就可以和解，这只是臆想出来的美妙童话，一个美丽的肥皂泡。
因为这和美国的历史以及现实严重不符啊。
现在美国黑人的政治社会地位是在白人的保护下，是白人的恩赐得来的吗？显然不是，而是通过一代代黑人不懈地努力，一次又一次反抗种族歧视暴政的政治斗争得来的。
从美洲奴隶贸易，到林肯因内战需要解放奴隶，再到1960年代以马丁·路德·金为领袖的争取种族平等和政治权利的黑人民权运动，美国黑人为自身权利和命运的抗争持续的时间甚至比美国的历史还长。美国黑人现在的一切都是通过自己的流血牺牲抗争得来，何来白人的拯救和恩赐？
《绿皮书》表面宣扬种族平等、种族和解，实则与历史事实相悖，夹带私货，骨子里透露着白人深深的优越感和舒适感，这自相矛盾，自相打脸的演绎，不是虚伪又是什么呢？",1,https://movie.douban.com/review/10056003/
Green Book,"我看的11点的场，真的睡着了，哪有这样的黑人？这样的黑人你能找到100个吗？看着尴尬，没看懂，可能是因为睡着了，不好意思
里面有硬伤的地方太多，我不懂为什么选这个人做司机？没必要啊，他两太不一样，真的不懂，怪不得黑人完全不买账，有原因的，这不是他们的生活，他们生活里没有这样的人，原因很简单",1,https://movie.douban.com/review/10036550/
Green Book,"在这部电影拿下奥斯卡最佳影片的盛名下，我特意去影院认真的观看了这部电影！
首先，必须承认一点，这部电影的切入点真的太棒了！一黑一白，然而却一反传统的阶级形象。
事实上，最开始看到这个设想时，我就感慨于这部电影主创者的机智和创新！
然而随着这部影片开始，我最初的期待开始一点点的消失了，甚至于看到最后，我竟然有种坐立难安的感觉。
这真的是一部反映黑人平权的电影么？
这根本就是一个白人在自我意淫吧？
emmm，虽然我是一个糟糕的，底层的白人loser，但高高在上的黑人音乐家也有求于我。
虽然我过得不怎么样，甚至没什么教养，但我还能教黑人音乐家欣赏同胞的音乐！
虽然我无权无势，但高高在上的黑人音乐家还要我来拯救！
虽然我只是个底层白人，但我有一个幸福的家庭，而黑人音乐家不但家庭失败，甚至还是个同性恋！
看到这里我简直忍不住想破口大骂：可去你的吧！
在一个歧视黑人到病态的南方城市，竟然会有白人小鲜肉和黑人搞基？
你大概是在侮辱我的智商！
或者你是想告诉我，同性恋率先一步完成了种族平等？
可拉倒吧！你这么拍只是为了显示黑人音乐家就是个生活上的低能，离开伟大的白人，他简直就是个废物吧！
一个为了种族权益，敢于闯荡南方诸州的黑人音乐家，竟然被拍成这么个货色，这除了让那些习惯了种族优越的白人感到一丝平衡外，还有什么其他正面的意义么？
然后就是，这部讲诉平权的电影，到底改变了什么？阿里付出了那么大的努力，到底换回了什么？
不知道！因为影片中完全看不到！
似乎除了主角被改变外，根本没有其他任何变化！
哦，大概还有阿里变得不再那么废物了？
可拉倒吧！
就这你还敢说是平权的电影，你在设定这部电影时简直对黑人音乐家极尽羞辱！
那么为什么要这么拍？当然是因为只有这么拍，那些优越的白人才不会感到难受，才不会感到坐立不安！
否则白人真的成了屌丝，成了一个仆人，优越的白人怎么能接受得了呢！
所以必须让托尼牛逼起来，而且是全方位的牛逼起来，这样观众看电影的时候，才能带入到托尼嘛！
所以这么一部平权电影，内中竟然没有一丝一毫尖锐的东西！
没错，没有一丝一毫的尖锐！
这部电影就像是带了一层厚厚的滤镜，让人感觉：emmm，那个时候黑人虽然遭遇了不公，但至少还能生活。
那时的白人有些过分，但也不是特别的坏！
然而事实是这样么？
我想那些被白人吊在电线杆上烧死的黑人不会同意！
那些因为种族隔离，不能乘坐公交的黑人不会同意！
那些因为歧视无辜枉死的黑人不会同意！
那么这部反映黑人平权的片子，黑人不买单，谁在买单？
当然是优越的白人啊！
毕竟他们又为平权做了一次巨大的努力呢！
甚至还得了奥斯卡最佳影片奖呢，我们够努力吧！
可去你的吧！
这样的伪平权片，不但平不了权，甚至还暗暗美化了过去！让人忘记反思，忘记了曾经的鲜血淋漓！忘记了曾经的民权斗士所付出的一切牺牲！
然后所有白人都沉浸在自我救赎的感动中！
世界能如此美好，都是无数像托尼这样的我们，自发做出了改变啊！
emmm，这时那些为了平权而死去的人们大概会变成厉鬼来掐死你们吧！",1,https://movie.douban.com/review/10029261/
Green Book,"炒冷饭
本义原是将凉饭在锅中加温炒热；后来比喻重复已经说过的话或做过的事，没有新的内容。
同时也比喻游戏厂商把老游戏不添什么新东西就复刻出来叫炒冷饭。
卖情怀？
情怀值几个钱？
NO！情怀很值钱，而且是真金白银那种。
电影圈靠卖情怀，把老电影换个料放到电影院售卖；产品界靠卖情怀，用我要成就梦想换来一波波投资；连音乐人靠着情怀，都能时不时来一波事业回春。
这是个贩卖情怀的时代，而且很多还挺能收到不错的效果，到底为什么？
平衡？
1.谓衡器两端承受的重量相等，不倾斜。
2.谓两物齐平如衡。
3.谓保持平衡；同等。
4.谓权衡国政使得其平。
5.对立的各方面在数量上相等。
6.两个或两个以上的力作用于一个物体上，各个力互相抵消，使物体成相对的静止状态。亦泛指平稳，稳定。
7.哲学名词。事物处在量变阶段所显现的面貌，是绝对的、永恒的运动中所表现的暂时的、相对的静止。",1,https://movie.douban.com/review/10029170/
Green Book,评分太高平衡一下。哈哈哈呵呵呵哈哈哈呵呵呵，评分太高平衡一下。哈哈哈呵呵呵哈哈哈呵呵呵，评分太高平衡一下。哈哈哈呵呵呵哈哈哈呵呵呵，评分太高平衡一下。哈哈哈呵呵呵哈哈哈呵呵呵，评分太高平衡一下。哈哈哈呵呵呵哈哈哈呵呵呵。评分太高平衡一下。哈哈哈呵呵呵哈哈哈呵呵呵评分太高平衡一下。哈哈哈呵呵呵哈哈哈呵呵呵评分太高平衡一下。哈哈哈呵呵呵哈哈哈呵呵呵,1,https://movie.douban.com/review/10021627/
Green Book,"绿皮书完全配不上奥斯卡奖，太令人失望。1.季节不对，都快圣诞节了，还穿半袖？2.男主角打人不用负法律责任？打警察不用负法律责任？美国法制原来就是这么不堪？3.随便往车外扔东西在美国看来也是一件普遍的事，但不该在电影中表现出来吧！4.黑人音乐家太端着了，好像很高贵的样子，被别人教训时又显得弱鸡下贱。5.电影里说唐雪莉在北方可以赚到去南方巡演三倍的报酬，那么他这次南方巡演就是为了消除种族隔阂的破冰之旅喽，可是他巡演前什么样巡演后还什么样，即使他在舞台上倍受尊敬，但还是不能在白人餐厅用餐，也只能去简易厕所，这说明他有这一趟完全没有意义。
马丁路德金说话“最大的悲哀不是坏人的嚣张气焰，而是好人的过度沉默”，但这部电影里主角配角面对不公，却没有多少抗争，也没有说明任何解决办法。所以我认为这部电影不及格！",1,https://movie.douban.com/review/10021114/
Green Book,"《绿皮书》如果去参评肯德基最佳宣传片，可以给五星;但作为奥斯卡最佳影片，它只配一星。
这部电影最大的问题在于在情节上高度迎合白人观众臆想中的“政治正确”，但在思想内核上仍充满偏见和刻板印象。
影片完全从白人视角出发，把Don Shirley塑造成一个疏远家庭和族群的“边缘人”，然后在和白人司机的交往中找到了自我，得到了救赎。
可是真实的Don Shirley，既没有远离家庭，也没有远离黑人社区，更没有和Tony Lip成为朋友。影片号称由真实故事改编，却只采信Tony后人的讲述，根本没有想过去征求Don Shirley亲属的意见，甚至还把从未出柜的Shirley写成是一个同性恋者。可见在制片方的心目中“平权”只是迎合白人观众政治正确的口号而已。
更深一步讲，“政治正确”本身也是一种歧视。认为“黑人爱吃炸鸡”固然是一种刻板印象，那“不能在黑人面前提炸鸡”难道就不是刻板印象吗？不管正向的（种族隔离）还是反向的（政治正确）都在强化种族之间的差异。用强化差异来推动种族融合，还有比这更荒谬的事情吗？当人们不必再使用黑人（非裔）、白人（欧裔）这样的标签时，真正的平权也就来到了！",1,https://movie.douban.com/review/10017034/
Green Book,"反映种族问题的电影《绿皮书》获得了奥斯卡小金人，恰恰反映了现在美国种族问题的严重性。越是喜欢说谎的人越是喜欢强调自己不爱说谎，越是好色风流的人越喜欢伪装成正人君子。越是极力躲避，越是证明心中有鬼。

        美国的种族问题一直是个所有美国人都故意粉饰成自己不在意，内心及骨髓里又极其在意的问题。这也就造就了《绿皮书》这部讨巧电影能够摘得小金人的原因。因为不给它小金人，评委们就有可能被扣上一顶种族主义的大帽子，这是哪个评委都避之不及的形象。

        而电影本身呢，相比于过去很多反映种族问题的电影，这部《绿皮书》简直温和到让种族问题看起来就像是中国的地域黑问题，看起来很尖锐，其实什么事也没有，只不过是大家比较闲而已。白人男主从一开始的“因为黑人修理工用过家里的玻璃杯，就把玻璃杯扔进垃圾桶”这种看起来是极端种族主义者，转变成维护黑人男主，为了黑人男主打白人警察，打白人修理工，中间没有任何事件过渡，就好像他是不是讨厌黑人的种族主义者完全看他的心情。而剧中其他殴打黑人男主，为难黑人男主的人，更像是因为看黑人男主不爽而不是因为种族主义。片尾黑人男主去白人男主家过圣诞节，电影前期那个也被认为是种族主义的白人男主的朋友，竟然主动让家里的女人拿盘子招待黑人男主，WTF ！！！！！而白人男主的白人老婆竟然也很热情的和初次见面的黑人男主拥抱，WTF ！！！！！！ 原来美国历史上黑人和白人这么友好啊？原来我们之前看的都是假新闻！！！！！！！！！！原来现在影响到美国法律的种族主义，以前是那么的不值一提！！！！！！！！原来美国种族主义最严重的时期就是当下，就是现在啊！！！！！！！！！！！


        这不是一部反映黑白问题的种族主义电影，这是一部彻头彻尾的白人能接纳一切的白人至上电影。纯种的黑皮白心！
        在美国种族主义越来越尖锐的当下，这部如此温和的黑白问题的电影竟然能够摘得小金人，恰恰说明种族主义这个话题依然是所有美国人心中的禁区，也证明的奥斯卡的此地无银",1,https://movie.douban.com/review/10012250/
Green Book,"看完只能说呵呵了，笑死个人，满满透露出向黑人献媚撅起屁股然后给屁股盖上条好看的浪漫绣布，弄个优雅黑鬼钢琴师，浪漫卫生文明，再弄个粗鄙不堪的红脖子，把现实世界的东西都弄些相反的影响，尤其炸鸡那段笑死人，咋不让白人去采摘棉花？
这种片能拿奖就说明美国电影怪不得越来越烂，怪不得越来越喜欢搞政治正确，搞点这个又能拿奖还能好口碑，反正你就算烂了也有一部分群体为你说话，这不就是榜样吗，大伙反正都搞。你把里面这个黑鬼钢琴师换成其他人种比如印第安人，这个溜子不用换还是白人，你看看这片还得不得奖？就是平平无奇。",1,https://movie.douban.com/review/16337929/
Green Book,"首先，我先肯定影片的剧作工整度、表演丰富性及剪辑流畅性。但是我对影片的内核有异议。我不认为这真实的友情。种族不对位设计让我看着非常别扭。为了方便读者对影片中黑人白人建立友谊过程的理解，以及对黑人角色真正的地位及成长，我将黑人换成黄种人进行叙述。
我要强调的是——以下例子及后面的分析是我的个人理解，如有不同，还麻烦您不要党同伐异。
“我是一个黄种人，曾经在历史上受到白人的欺负。虽然说现在黄种人和白种人平等了，但实际上还是白人至上的社会。我还能为白人演出，因为我有才华。实际上他们并不认可我，我内心很自卑，需要搞基来解压。一天我遇到了一个低贱粗俗的白种人，他像精神导师一样引导我，像父亲一样保护我不受白人警察和混混的欺负。。经历漫长巡回演出之后，我终于学会俗一点了，能敞开心扉释放自我了。我进步实在太大了，我竟然受到了尊贵的下等白人的认可。而他呢，终于在和我的接触中，学会了一点点讲礼貌。”
观影后人们会被种跨越阶级的友谊感动，会觉得这非常温馨。另外感动点就是Dr. Shirley和Tony的自我成长，两人互相帮助，一个突破自卑释放自我，一个学会一点文明。
那如果真实的友谊是想象出来的呢？
Dr. Shirley并不自卑呢？
先放一个真实事件链接，来自Dr. Shirley家人的访谈：https://shadowandact.com/the-real-donald-shirley-green-book-hollywood-swallowed-whole。
里面有真实的友谊和Dr. Shirley的性格。我们从真实的采访进行分析和片中表现分析，并给出相应的证据。
第一，我对片中跨越阶级和种族的友情表示质疑。该论点中摘自链接全文的核心论据如下：
Unfortunately, for the family, there is more wrong than there is right, including the crux of the film—that Green Book, as Universal'smarketing materials advertise, is “inspired by a true friendship.”
“No,” Maurice and his wife Patricia Shirley said in a uniformed scoff when asked if Dr. Shirley and Vallelonga were ever close friends. “Not at all,” Patricia said.
Maurice and Patricia Shirley had met Vallelonga in his capacity as a driver on some of their trips from their home in Milwaukee to New York City to visit with Dr. Shirley and hear him play at Carnegie Hall.
“It was an employer-employee relationship,” Patricia observed on those occasions that Vallelonga drove them around town. Neither during that time nor any time after did Dr. Shirley ever mention Tony as a “friend,” according to both Edwin and the couple. Instead, a professional relationship was “the only kind of relationship that [Dr. Shirley] ever had with any of the people he worked with,” she said.
Beyond that, Maurice added with laugh, “You asked what kind of relationship he had with Tony? He fired Tony! Which is consistent with the many firings he did with all of his chauffeurs over time.”
“Tony would not open the door, he would not take any bags, he would take his [chauffeur’s] cap off when Donald got out of the car, and several times Donald would find him with the cap off, and confronted him,” Maurice recalled.
“So when you hear that Tony had been with him for 18 months, I can assure you, no chauffeur lasted with my brother for 18 months. Anybody who knew my brother’s temper and had any experience with any of his other chauffeurs—the maximum was the one from right here in Milwaukee from the Urban League that lasted at least two months.”
简单总结下就是Dr. Shirley和Tony只是正常的雇佣关系，最后把Tony开除了。Dr. Shirley脾气暴躁，Tony也不会去提东西，在Donald下车后Tony就会草草离开，经常和Tony顶撞。他们的雇佣关系也没有十八个月，顶多两个月。同时也根本没有真正的友情。
文中采访是采访Dr. Shirley的家人，但这剧本构思也是Tony的后代写的。从片中所呈现的内容来看，Tony明显在巴结Dr. Shirley，但是影片的设置却要把Tony供起来，让Tony拯救Dr. Shirley弱小的心灵。
片中所表现的内容和真实故事有这么大的差异，能说明什么？到底谁依赖谁？为什么要把黑人写那么惨，真实事件中黑人哪有那么惨？
影片还要强调受到真实故事启发，启发的结果就是黑人需要我们白人来进行精神救赎？三位编剧（Nick Vallelonga、Brian Hayes Currie、Peter Farrelly）中有黑人吗，有从黑人视角出发的吗？
另外，如果片尾说他们两个一直是好朋友是事实，那么多年就没一张合影吗？需要文字来说明俩人的友情？
第二，我对Dr. Shirley的自我成长表示怀疑。该论点中摘自链接全文的核心论据如下：
With his fiery personality, Dr. Shirley was not one who needed protection, but one who would often stand up for himself and others against racist oppression.
Edwin remembered a time when he first moved to New York and Dr. Shirley was trying to help him find a nicer place to stay. The desk clerk at a resident hotel across from Carnegie Hall blatantly lied about vacancies once the clerk saw two Black men coming into take the room.
“The desk clerk says, ‘Oh, I’m sorry you were misinformed, there is no vacancy.’ And Uncle Donald says, ‘well I recognize your voice and you were the person I spoke with.’ The man began to say something like, ‘you people always think—' and as far as he got was ‘you people,’ and Uncle Donald had grabbed him by his tie and yanked him across the counter. And I stepped between him and made him unloose the man’s clothes and we got out of there before the man could call the police.”
总结下就是Dr. Shirley有着暴烈的性格，并不需要保护，他会为种族主义者发声。Edwin记得一件事，他的uncle Donald Shirley曾经遇到过不平等对待。前人服务员说被预定的酒店告诉他们没有床位了。Dr. Shirley说你的声音和我预定电话中听的一样，但是前台服务员说 you people （你们这帮黑人）的时候，Dr. Shirley就抓住服务员的领带一把拽过服务台，直至Edwin劝他松手。
再对比片中的描绘，当Dr. Shirley遇到他在大厅进餐被拒绝时，他就理性说我要吃饭不让吃就不表演？这种被动受气直到Tony对服务员动粗，所以不管遇到啥事最后需要Tony来拯救？这种表现方法是理性不如感性好？还是贬黑人捧白人？
第三，我不认同片中对Dr. Shirley性取向的表达。该论点中摘自链接全文的核心论据如下：
As far as the family knows, there was never another long-term romantic partner in Dr. Shirley’s life after his ex-wife, “For the reasons he stated in the documentary,” Maurice said.
“The only romantic relationship was his piano, his organ, his family,” Maurice said.
Some have speculated about his sexuality. To that, Edwin said, “He was as open about his sexuality as he thought it was anybody else’s right to know.” Edwin offered as an example, “If you were to ask him, ‘Dr. Shirley, are you gay?’ He might answer, ‘Why? Are you interested?’ If the answer was, ‘No,’ then he’d say, ‘Well, it’s none of your business,’” he laughed.
Dr. Shirley只爱他的钢琴，并且他很坦诚地公开他的性取向。但片中Dr. Shirley是偷偷摸摸的，那场景拍的就好像是自卑去搞基。（注：内地上映的版本因审查原因可能会将这幕删除或做特殊处理）
对这幕进行拉片分析：
镜头1. 先用了一个关系镜头形成Tony和Dr. Shirley对比。以Tony为前景，Dr. Shirley及另一白人为后景。Tony反应镜头为尴尬，Dr. Shirley的反应镜头为木讷。镜头适位置适中，以仰视视角看Tony，以俯视视角看Dr. Shirley。
镜头2. 关系镜头，两位警官为前景，Tony为后景，镜头仰视拍摄，突出了警官居高临下。台词中指出了二人同性性行为被经理撞见，表明Dr. Shirley偷偷进行同性恋。
镜头3. 反应镜头，Tony递给Dr. Shirley一条毛巾后，Dr. Shirley很自卑，镜头3和镜头1一样仍为俯视视角，但景别拉近，突出二人的反应。
综合以上三点，我并不认为影片值得被感动，因为所感动的点就是假的，友情是假的，黑人成长是假的，白人作为“圣人”能给黑人救赎是真的。这种编剧类型和叙事方式的目标就是讨好以白人为主的奥斯卡评委，进而拿到小金人。（据统计，目前美国影艺学院的5765名成员中，94%是白人，77%是男性！黑人和拉丁裔分别只占2%）当然，它也成功了。
PS：据时光网讯，黑人其实对这部影片相当不满意。
PSS：影评这件事，可以主观也可以客观，但是不管是主观还是客观最重要的一点是讲出道理。我这篇以批判为主，这是由于我对这部影片更看中其内核，我将内核可信程度赋予的权重高。并且我给出了影响我内核可信度的证据。同样，你也可以将影片对你的触动赋予更多的权重，也可以考虑更多剧本工整、影片完成度高等层面。我和你的权重分配方式不同，打分结果就不同。如果你觉得我论述有问题，请指出。如果你正在处于刚看完感动的关头，请你冷静对待我这篇差评。",2,https://movie.douban.com/review/10006638/
Green Book,"2019年，彼得·法雷里执导的公路片《绿皮书》一举斩获奥斯卡最佳影片。近二十余年，从《撞车》到《为奴十二年》再到《绿皮书》，种族主义电影不断在颁奖季上斩获大奖。这类电影不间断的发行，使得种族话题得到了大量的关注。《绿皮书》作为一部典型的公路片，本片以两个在种族上具有对立关系的一个黑人雪莉博士一个白人托尼和一本名为“绿皮书”的黑人旅行指南开始了又一次关于种族的讨论。
工整的公路片剧本，人物的确立是很重要的，但立住人物也离不开镜头的构建。导演在影片的前两场戏中，通过各种微妙的元素加上巧思的镜头把托尼与雪莉的关系直接呈现出来。在展现托尼家庭那场戏中，导演借助一个特殊的元素——杯子，导演在特写镜头与被摄主体为托尼的中景镜头之间来回切换形成了托尼的主观镜头，不屑的表情以及嫌弃的手，从故事的一开始就已经奠定了白人托尼对黑人的不满与鄙弃，也为下一场为黑人做事犹豫不决做铺垫。编剧在此有意识的增加了在黑人走后棒球比赛胜利，白人大声欢呼的声音，突出对比是整个社会戴有色眼镜的一个照影。托尼面试那场戏中绝大部分镜头都是静态的，且镜头运用都非常的流畅，机位统一，布景简洁明了，但在托尼进入房间时，诡异的布景，摄影机随着被摄主体雪莉移动，在无声中传达出了两人之间的尴尬。在空间位置的编排上，黑人身处高位，白人身处低位。在服装设计上，黑人穿白衣服，白人穿黑衣服。且在拍摄时，拍摄白人用高机位的俯拍，拍摄黑人用低机位的仰拍，高低机位的来回使用，通过黑人雪莉的物理地位等元素构成了一种令人错愕的反差感，白人托尼和黑人雪莉的对立关系已经形成。
两人的关系也从这趟旅行的开始，慢慢由阴转晴的情感交汇是由影片中各个元素串联起来的。信——作为一个贯穿全文的物品元素，首先是符合了托尼本身的人物形象——因写信比打电话便宜从而选择写信这一方法。其次，在托尼与妻子的情感线上，这一巧秒的设置又搭配旁白的手法，使得导演通过“信”这一物件直接向观众袒露托尼自己心里想法，他与妻子没有直接打电话互动，仅仅是一个画外音就能使观众身临其境，用这个物品元素连接起了托尼与妻子的情感。最后在托尼与雪莉博士的友谊线上，黑人雪莉教托尼写信，恰然地形成了一个促进二人关系的方法。信件是一个连接托尼与妻子、与雪莉交流的媒介，每在一个地方都写信，从头贯穿到尾。电影讲究元素复现，而信在这里作为贯穿前后的元素，不仅仅是单次出现而是反复多次出现，让其很好的被控制在电影叙事节奏里面。至于另一个元素即——炸鸡，旧美国南部的黑奴被禁止拥有猪或者牛，但是可以养鸡，久而久之炸鸡就成了黑人的专属食物。因此很多人用炸鸡来羞辱他们，逐渐成了一种种族歧视的符号。在本部影片中，托尼把炸鸡递给黑人雪莉时，雪莉则是拒绝接受，在托尼一再坚持下，黑人雪莉终于迈出了那一步，他不再受“黑人炸鸡”的标签捆绑，而是和托尼一起去享用炸鸡的美味。两人也是借助炸鸡渐渐的缓和了尴尬的聊天气氛，座位在这时也从前后座转变为斜对座，聊天的氛围也渐渐变得愉快起来。绿皮书——作为影片的标题且也作为一个贯穿影片前后的物件，它的在本意——即黑人的旅行指南外又直接切入了“公路”类型片的外壳，导演借助一个物象的符号去引入到黑人“从北到南”地理位置的与身份变化的关系，并将时间背景设定在马丁路德金发表有关黑人民主权利文章的前一年，与这场有关“种族主义”的旅途形成了巧妙的联系。
车的内部作为影片二人常处的空间，在这个被锁定的空间内，两人的位置关系变化与两人情感关系的变化有着紧密联系。在刚开始时，托尼与雪莉博士的空间位置处于一个二人无法方便对话的状态，这是二人关系处于一种对立状态的表现。而在后半段，二人的位置关系成斜线式，在仅仅方便二人对话的同时也在表示二人情感关系的升温。直至最后，二人的前后位置关系也发生了转变，黑人带着白人回家，此时，二人的情感交汇已达最高点。
影片最后，雪莉博士处于一个全景的中心位置，圣诞节装饰物件元素充斥着整个画面，搭配着无配乐的场面，以此更加展现作为被摄主体的雪莉博士的孤独感与冷清感；而反观托尼一边，欢快的氛围与不断切换的镜头呈现着其家中的热闹，只是饰演托尼的维果·莫腾森通过表演来展现角色身处该环境下的孤独感。而这两份处于同一时间不同空间的同一感觉直至作为内部声源的门铃声响起时才相遇，影片也几个中景镜头中人物各自的拥抱落下了帷幕。欢快的配乐响起，真实事件用图画的形式相继出现，这场关于探讨“种族主义”的公路之旅，就此结束。",2,https://movie.douban.com/review/14749342/
Green Book,"这部电影的整个观感让我感觉像去年的《我不是药神》，《我不是药神》包装成现实主义题材，招摇撞市收割韭菜，同时演员徐峥变成山争哥哥封神了，从小陶虹老公到徐峥导演最后进阶成山争哥哥，徐光头的三连跳完成了原始积累成为新玩家。这部《绿皮书》的气质一样一样的，第一视角从白人开始，铺动机最后机缘巧合成为司机，想想药神也是，男主生活比较丧，经济状况出现危机，最后迫不得己走代购，很难想想奥斯卡最佳影片也这样叙事，更重要的是这种叙事根本就打动不了像我这样的观众，十年前丹尼博伊尔的《贫民窟的百万富翁》虽然也用常规的闪回去叙事，但是处处精彩，即使同样的编剧编出的故事，但是我从个人情感上真的是感同身受，而且里面有好几场戏都特别精彩，比如那场拿着签名照追逐的那场戏，这调度的佩服的五体投地，而《绿皮书》我根本就想不起来那场戏能够给我留下深刻的印象。
同样是将讲阶级差距的冲突带来人和人的改变，并且其中有哭有笑，随便拎出几个就能把本片按在地下摩擦，比如《杀人回忆》小镇警察和首尔警察用彼此处世哲学，最后被剧情推进，在隧道里首尔警察想用简单粗暴的方法结果DNA并不匹配的嫌疑人，最后被宋康昊制止，这种就是带弧光的，而《绿皮书》完全是为了反转而做戏，比如黑人明知道1962年美国南方的种族歧视的严重性还要因为跟旅馆其他的黑人玩不到一块去而去喝酒，大哥你平时不看新闻联播吗，之后因为私通被警察拘留，白人用混夜总会的方式救黑人，最后被黑人鄙视，之后黑人道歉，这个尴尬癌犯的，第二次因为交通又一次进警局，这回黑人用司法的方式救了白人，白人感觉歉意后理解了黑人以及所谓的美国司法，我的天啊，奥斯卡最佳影片就是这样告诉观众，不同人的身份直接的转换吗？还有本片的喜剧元素，通过放大阶层差异，达到喜剧效果，这也不如法语片《触不可及》，也不如很多公路电影里的喜剧桥段，而且旅途中也没有坎啊，都特别容易的过去了，白人写信的时候，跟老婆说车也没坏，我就想车肯定会坏，果不其然坏了，完了白人随便拿水浇一浇就解决了。第三本片表达的大背景，那就是马丁路德金之后的美国种族问题，这里面种种的细节和最后呈现出的效果，在我看来就没什么效果，这样我想起了《阳光姐妹淘》，里面也是弱化那段历史，不宏观只是通过细节展示韩国民主化进程，这我都觉着特别的好，《绿皮书》在很多涉及到这段背景的片段就是糊弄，最后的一场演出，我不知道黑人在56年之后，是第一次再来这里演出还是每年都来，要是每年都来的话，人家不让你在餐厅吃饭，那你应该是知道的。要是第一次来，你最后不演了，那跟你自己标榜的法治，高尚，专业截然相反，即使你想最后通过绿石头说，自己像白人一样有的时候粗鲁不守规矩，说服自己是不是心里好受一点，这也是打脸。
当然最后奥斯卡最佳影片，本片的服化道，而且背景还原真的挺好的，尤其是那辆崭新的凯迪拉克真的很漂亮。
一部优秀的作品可以不带批判，但是要有足够的诚意，用导演的镜头呈现世界的真实一面，《绿皮书》很明显没有做到这一点，它处处充满了算计，就像《我不是药神》里面的老太太，用电视剧话的面部表情说出假大空的台词，可是这不是真正看不起病的人，是导演按照观众的想象迎合出来的伪真善，即使最后可以走医保渠道买药了，这都连看病难看病贵的社会问题的边都没碰呢就解决了。《绿皮书》也是想表达美国的种族问题，同样的一场车内讨论触碰灵魂的男人和男人之间的对话，在雨中通过嘶吼的台词完成了种族问题的讨论，你是想告诉我一个叫阿里的男演员借助中国阿里影业的投资，生硬的把并列的双男主的黑人变成男配在通过公关赢得小金人吗？好吧，高晓松是最大赢家。",2,https://movie.douban.com/review/10015039/
Green Book,"《绿皮书》是一部平庸到不能再平庸的片。最大的优点就是两位主演教科书级别的表演。可惜的是阿里的钢琴演奏都是用的钢琴替身再绿幕合成出来的，可当年《钢琴家》里的布罗迪以及《爱乐之城》里高司令的钢琴演奏都是苦练出来实打实的亲自上阵。
和18年的奥奖最佳《水形物语》不同，这片不那么政治正确。
首先这片拿到奥奖最佳原创剧本奖就很成问题，（这里为保罗·施拉德的《第一归正会》喊冤），维果这个白人司机在成为司机前和成为司机后的表现让我非常纳闷，本来他决定去当黑人的司机这个事就不能让我信服。我们可以看到起先维果有多么的种族歧视，家里来的黑人修理工喝完水的杯子 他直接就丢到了垃圾桶里。后来他找不到工作，在酒店包间里大佬跟他说你还可以回来继续给我们干，但是维果放弃了得心应手的工作而选择去给黑人开车，这人物动机就没讲通。如果你解释说他是为了钱才这么做的话，那么就还有一个问题 影片一开始维果偷了大佬的帽子然后又耍小聪明还回去，这到底应该解释成他为了图小利还是攀权贵呢？
然而这样一个此前因耍小聪明而获利的白人维果在和黑人音乐家阿里上路之后又变得看上去憨态可掬 尽显傻气，此处的转变又在哪里呢？难道只是为了制造类型元素讨观众欢喜？
本片作为公路片也是不合格的，所有的冲突没有扣在主要角色的人物关系上。片中几乎所有深入南方后遇到的麻烦（种族歧视）都是一开始就点明的，也是观众意料之中的，可两人如此差异化的人设并没有形成本质的直接冲突，遇到的所有危机事件都是外部他人（混混、白人）造成的，两个主人公倒是始终处在同一战线。本来这片黑白搭档从肤色、阶级、异性/同性恋上讲，差异这么多，很好设置矛盾。
其实本片最大的问题该是它所表述的价值观。我们可以发现这个电影其实还是以一个白人视角（白人第一主角）去讲述一个白人去教化一个黑人要融入黑人自己的族群，要了解自己宗族的文化，也是这个白人教他拾起尊严。 之前对歧视一忍再忍的黑人在最后的罢工（反抗）也来自这个白人。所以我们所看到的诸如黑人音乐家教白人司机要懂礼数、不能讲脏话、不使用暴力、不乱扔垃圾、不小偷小摸等等这些都只是很表面上的，是非常非常浅的影响。但白人对这个黑人的影响才是更为深刻的，况且两个人的位置关系是——白人带黑人南下。黑人在白人的带领下才见到了黑奴耕作、才开始听黑人音乐家的作品。白人司机告诉他的是——你是黑人所以你要学会吃炸鸡、你是黑人所以你不仅要听你们黑人同胞的音乐而且你也要去弹黑人音乐。所以这根本不是什么黑人电影，这就是一个白人视角下看待种族隔离的片。
影片本身就带着偏见，且不去直面种族问题的根源，而同为颁奖季的提名影片由斯派克·李执导的《黑色党徒》却正视了这一问题。《绿皮书》最后以大团圆的结局收场看上去也是遥不可及的奢望。这种虚假的和解既不能讨好白人，也不能得到黑人的认可。
十年来奥斯卡最差劲的最佳影片是毫无疑问了。《罗马》可能就输在一来它在语种上不占优，二来它的发行方是网飞（网大）。",2,https://movie.douban.com/review/12228282/
Green Book,"人人平等是对的，也是相对的，但被白左衍生到反向歧视以生为白人为耻，这些白左电影不经思考一律接受脑子会跟他们一样坏掉。他们这虽然宣扬保护少数族裔，但难道不是对多数族裔的异化和歧视么？ 这些掌握话语权的人已经走得太远了，所以欧洲会如此混乱，民粹重生泛滥。这片能到9分也说明很多人没有看到问题
但很明显这些自认为崇高的道德卫士并没有认为自己做错了什么，他们总是认为自己是对的，反对者是不理解他们，要么被排除要么被无视。所以说欧美白左婊真TM恶心
2016年美国可耻的自由派政客为了拉选票说出“生为白人是个耻辱”就已经可以断定，美国的种族问题永远不会被解决，而且这些年更出现了众议院穆斯林F4，让人厌恶的程度，他们几乎是想实现把白人在法律上列为低等种族，而自己是应该享受特权的受害者，用推特用户的评论来说”看见他们就想把眼睛扣下来“，
这是欧美政治正确的又向极端发展的例子，中东难民可以在自己的国家肆意妄为强奸平民不敢管，非洲基督徒被穆斯林大规模屠杀也不敢管，但是在国内几乎把自己的人民定为了低等种族，例子1、美国众议院议长说川普建墙是为了取悦极右选民，从2016就要推翻选举结果 。例子2、英国政客当场咒骂选民，让质疑大规模收容难民政策的平民不喜欢可以滚出英国。他们已经和自己的民主自由法制相背离
不要被这些披着光辉温和外表的东西和漂亮话所迷惑，因为制作这些东西和理论的人也和你我一样是普通的人而已，君子小人恶棍 傲慢、嫉妒、暴怒、懒惰、贪婪、暴食、色欲 ，我们有他们也有，做好自己可以，如果有不足就参与进去改变他，不用套用别人的模式，适合自己最好。
在国外待了几年觉得各有好处，没有谁更优越，出国更爱国就是这个意思。精神美国人可以去死了，中国没有你们的位置",2,https://movie.douban.com/review/12127200/
Green Book,绿皮书的剧情换成黄种人，就是当年美国排华法案颁布，许多华人遭到屠杀抢劫，社区被烧毁，许多华人尽力保护自己的孩子却一同赴死，被当作猪狗一样杀害。然后电影讲述一个白人起初很讨厌华人，后来因为钱而捏着鼻子跟华人钢琴家上路，一路上华人钢琴家受到各种歧视攻击，但白人一一化解，最后两人成为好朋友，喜剧，合家欢。,2,https://movie.douban.com/review/10335768/
Green Book,我们处于生命的不同阶段，各自赶着各自的进度，但正因为彼此都注视着，所以都想在自己的领域里做得更好。当我们力量各自逐渐成熟，我们互相影响，却互不依赖。这种理想状态下的我们，才会是对方真正的骄傲。我相信我们有着共同的目标，在为之努力的过程中，保持理智，谨慎，善良。专注自身，也热爱周遭，希望每一次相见，我们都有更好的面貌。,2,https://movie.douban.com/review/14860101/
Green Book,"绿皮书  这样一部获奖无数  票房爆炸的电影
我却喜欢不起来
无他  只是这本书翻开来  密密麻麻地写满了种族歧视
看似两位男主打破了种族的偏见成为好友
但全片都体现着白人的高傲自大  
白男主粗鲁不学无术却活得不错  可以理直气壮地犯事
黑男主优雅满腹经纶却磕磕碰碰  明明没做什么却一直备受非议  胆小自卑
黑男主那么努力却没什么用    最基本应有的白男主出生即有
最可悲的是黑男主没有一点自豪感   那么多杰出的成就    
一个种族一个国家有好有坏  有差劲的地方  也有优秀的地方  
差劲的就正视它  改掉它  优秀的难道不该自豪
黑男主不认可自己的肤色   卑微地想融入白人社会   抛弃自己的肤色  抛弃那个养育他的种族   
啊 甜美的空气  we gonna build a wall
最后倡导不要种族歧视也是  高傲的白人兄弟们展现你们宽广的胸怀吧
如果想要对话  请脱下你的内增高 
没什么   我只是讨厌你俯视的眼神  
这世上有nigger 也有white trash
trevor noah混血黑人  我很喜欢他的积极乐观
在他的脱口秀上 他能笑着把黑人和白人差劲的地方、种族歧视说成笑话",2,https://movie.douban.com/review/12703961/
Green Book,"如果单从故事的编排和画面的视觉效果来说，《绿皮书》算不上差，到底是奥斯卡奖作品，表面功夫还是很到位的，但三观与我严重不合，让人不吐不快。
据说是根据真人真事改编，不能确定真人故事如何，但从电影的讲述来看，这是部打着种族平等的政治正确旗号却从骨子里泛着白人至上油渣的故事。
黑人男主唐纳德一边美其名曰巡演以提高黑人地位，但他的半生都在倾尽全力将自己“白化”，用上层白人社会的生活方式和思考方式来打造自己。尽管他因为一身黑皮肤而不能进入白人圈，他却在私域打造了一个自己的白化生活环境，这就导致了他既无法进入白人社会，同时也被黑人社会所拒绝，甚至连他自己的亲人都不能互相接纳。
他成了社会的一个怪胎。
影片中，有一个镜头，车子在路边抛锚，白人男主托尼忙前顾后，而唐纳德坐在后座，田野里破衣滥衫正在劳作的黑人，站起来看到这一幕。
我想，编导的初衷大概是让田里的黑人看到这励志的画面，奋而觉醒，改变人生，但真的有可能吗？
影片最滥的是结尾的煽情部分。
我本以为唐纳德会从自己的旅途醒悟到，只有回到自己的族裔中去，而不是自己一个人过上高贵的白化生活，才真正有可能提升本族裔的地位，让自己摆脱可悲的命运。而且，影片也的确安排了一场戏，让这位了不起的黑人演奏家出现在黑人酒吧，为本族人陪奏欢歌。
但那只是短短一瞬，故事并不想让唐纳德承认和接纳自己的族裔，而是要让他进一步“白化”，“白化”得更彻底。他不但能过高贵的白化生活，还要能厕身低贱的白化生活。与此同时，故事还要向观众表明，白人对黑人的怜悯也还能再进一步，托尼不但为了钱会尽责保护唐纳德的性命，还会为了义给他一个温馨的圣诞家庭气氛——好像收留一只街头流浪的丧家犬。
如果真实的故事是这样，我并不感觉悲哀，毕竟唐纳德生活在那个种族隔离的时代，很难摆脱自身时代的烙印，追求被白人的同化也无可厚非。但在天天叫嚣种族平等的今天，仍然从这个角度来展开这个故事，那只能说，“白人至上”的观点刻骨铭心到从编导到奥斯卡评委都无法自我意识到的程度了。",2,https://movie.douban.com/review/12448668/
Green Book,"冲着top250排名来的，第一次看没一半就关了，直接去看别人总结了，总的来说还是莫名不喜。原因有：首先，搞不懂为什么要故意使得白人司机处处显得无素质来反衬黑人钢琴家的高雅，这一点如果有意为营造未免太刻意了，太无趣了。比方说还石头，钢琴家一脸我最高尚是真的看不下去（但现实当中诚实这种品质很可贵）钢琴家发号施令感觉生搬硬套，很尴尬，感觉用错了场合。其次，平淡无波澜，别人的总结看了两个，都跟流水账似的，评论里怀疑是阿婆主不会解说，但我觉得的确这就是流水账一般的故事啊。幸好看不下去直接关了，实在是，像是有意要刻画啥对比但是很勉强似的没有什么材料，类似于写作文没有事说，堆砌。最后，像是更早的《触不可及》，只不过换了主题和故事情节，对调了人物设定，但是感觉神似《触不可及》，并非是抄袭，但总感觉在用它的方法但是又用不到位，感动不到我，《触不可及》倒是真的触动我心了。
再说一下，说是这部电影讲黑人与白人的，但是我觉得真就没必要通过对比素质啥的，让它显得有点low还是没跳脱出框架，似乎是要在这种条件下才会发生这种偏见的消失，而非是出于真正的理解，总而言之，感觉讲述这样高尚主题的力量很弱。
再再说一下，感觉电影冲着感动人的目的去的，而非是像《触不可及》那样，它讲好它的故事，感动是无意中的那种，立马就看不下去了，像是在打感情牌。
虽然很偏激，但是好的地方也已经有人说了，所以我就懒得说了。第一次看没一半的感受，就酱，不知道什么时候我会再刷新一下我的感受？不喜勿喷",2,https://movie.douban.com/review/12303730/
Green Book,"观看《绿皮书》，只是因为这是奥斯卡获奖影片。说实话，我对这样的剧情片兴趣不大，毕竟，美国电影最出色的不过是特效。
电影主要叙述了一个黑人钢琴家唐聘用一个白人司机托尼，前往美国南方巡演的旅程。美国南方种族势力比较强，甚至在日落镇有晚上8点以后禁止黑人停留的法律。因此，有人编写了一本《绿皮书》，作为黑人在南部地区旅行的指南。不过电影中，绿皮书出现的次数并不多，也降低了片名的意义。
在影片中，托尼为唐解决了不少难题，在旅途中互相理解，建立了友情。但是，影片想表达什么，我认为并不深刻。如果说是反映种族隔离政策，片中倒是有不少对此的描写。比如黑人不得进入餐厅、不能住高级旅馆等等。
但是，似乎在片中，更浓郁的表达出美国白人粗鲁、自大、自以为是的优越感，对黑人的贬低。比如唐吃肯德基时候的故作讲究，再比如唐被警察当场抓住的同性恋，似乎有意无意地在强调黑人低贱的本质。
电影最后，唐在托尼家门口犹豫，而托尼却大度的对唐表示欢迎——这一幕，将白人的优越感表示的淋漓尽致。
一部由高高在上的美国白人拍摄的电影——这部电影如同看过的很多好莱坞特效影片，味同嚼蜡，看过即忘。而奥斯卡，也渐渐沦为美国资产阶级的玩乐工具。",2,https://movie.douban.com/review/12267708/
Green Book,类似主题的电影看过《触不可及》，但那是以当代法国为背景的片子，把侧重点放在“克服偏见”上毫无问题。然而这部电影的背景下谈克服偏见？这和说南京大屠杀的时候中国人日本人之间存在偏见然后两人靠一次旅行克服偏见实现“大东亚共荣”有毛区别？试问一个黑人旅游要看“绿皮书”找愿意服务黑人的旅馆的时代，一个南方针对黑人私刑依然泛滥的时代，你告诉我要克服的是偏见？老白男，stop，停止你们愚蠢的自欺欺人吧。,2,https://movie.douban.com/review/12250937/
Green Book,立题很保险，剧情很套路。一边讲种族歧视，一遍又在美化白人，好像种族歧视并不可怕，好像黑人并没有太多的非人道待遇，结局更是皆大欢喜，温暖感人，黑白一家亲，对“绿皮书”时代的描述简直是误导观众。电影中的当事人都已过世，是否真实也成了罗生门。种族歧视立题很大，整部电影格局太小，个人认为不如《触不可及》，无论如何奥斯卡最佳影片奖都名不副实！,2,https://movie.douban.com/review/10429429/
Green Book,"两个男主都是人品极差的双标x，且都并没有作出太多改变，相较之下或许Tony消除的偏见、改善的人格更多，但这是基于才华而不是问题本身。还有强行加入各种被歧视问题，和《Love, Simon》一样令人恶心，且对于自己主动造成的一些问题，当事人也是一副高高在上的样子，高高在上、无理取闹的无作为者（后期被解释为改变人们观念的勇气，所以，他出现在黑人作为奴隶的农场、出现在猪圈一样的酒店带来的难道不是更异样的目光？自始至终无所作为，和那些有成见的白人又有什么区别；相对地Tony或许还能算是真正有在改变周围人观点）还反而指责和贬低解决问题者。一切追求的完全不是平等，而是如封建王朝一样希望推翻现在的皇帝成为新皇帝。此外又牵扯到了经济地位、政治权力、文化水平，倚仗着这些片段先天（至少从电影中开始如此，电影故事发生之前的事情并不了解）优势自以为是。而且，既然承认了这种文化水平的差异，黑人与黑人也是有审美区别的，我并不认为他的钢琴、他的“天才”也就是所有人能欣赏的，这种短时间实现的受欢迎程度并不合理，更不用说这种人品对于长时间的相处会是怎样（过很久还在嘲讽他人的一次并未再犯的不端行为，我并不觉得是一件好事）。
算是有点内容，不至于一星/零星。",2,https://movie.douban.com/review/10382943/
Green Book,白人男主的表演很僵硬，很刻意的说话，做动作，失业后没有那种底层人的无助之意；旅程过程中的笑容真是尬笑，只是为笑而笑，为感动而感动。黑人男主也是刻意的表现得高高在上＋自卑，看不出有文化有内涵，就嘴上说履历多牛逼。旅途中两个人的互动也是尬得很，白猪在那里刻意表现得很底层，但是看着那个动作感觉像是一个大猩猩在学人类走路一样别扭，黑猪那个嘴巴看着就不像文化人，总是撅着嘴巴，像儿歌里面的小孩一样。这种电影比爆米花电影差多了。,2,https://movie.douban.com/review/10348175/
Green Book,"人人平等是对的，这些白左电影不经思考一律接受脑子会跟他们一样坏掉。他们这虽然宣扬种族平等，难道另一面不是明摆着对多数族裔的异化和歧视么？ 这些掌握话语权的人已经走得太远了，他们从不思考自己哪里错了，反而去责怪转身支持其他党派的平民不理解他们，所以欧洲会如此混乱，民粹重生并且泛滥。这片能到9分也说明很多人没有看到问题  .
欧美脑残片支持者金句和行动：身为白人是耻辱，美国一些州不能说圣诞快乐要说节日快乐后面甚至不给过圣诞，为了种族平权把老婆送给黑人，美国穆斯林议员在上班第一天在国会说要杀光犹太人，每句话开头加一句身为有色人种，不要用法律要用爱去感化所有罪犯，
后面还有人补充么。在推上看的眼花缭乱
不要只看表象，给一批人特权不要忘记还会伤害另一群人，我们需要的是机会公平而不是结果公平，因为我们已经付出几千万人的性命为代价交了学费证明这条路走不通，既然欧美这些人想不通就让他们自己走进墓地吧，我们自己要看到现实不要盲从",2,https://movie.douban.com/review/10309706/
Green Book,"我简直不知道这个片子为什么能够获得成功，一堆小矛盾，没有什么看点。为了渲染个司机的性格竟然用了半小时，这半个小时完全没有抛砖引玉，而且没有摆出矛盾、主旨。我第一次去电影院真的是看不下去，难受极了。
全片也完全不靠剧情推动，公路电影，一节一节的。靠对话展开全片剧情，使人的注意力全在台词上。
评分这么高，是因为竞争太小了吗？不过一想，今年确实还没什么好电影。
个人愚见，不喜请喷！",2,https://movie.douban.com/review/10249282/
Green Book,哈哈哈，挺好看的哈哈哈，挺好看的哈哈哈，挺好看的哈哈哈，挺好看的哈哈哈，挺好看的哈哈哈，挺好看的哈哈哈，挺好看的哈哈哈，挺好看的哈哈哈，挺好看的哈哈哈，挺好看的哈哈哈，挺好看的哈哈哈，挺好看的哈哈哈，挺好看的哈哈哈，挺好看的哈哈哈，挺好看的哈哈哈，挺好看的哈哈哈，挺好看的哈哈哈，挺好看的哈哈哈，挺好看的哈哈哈，挺好看的哈哈哈，挺好看的哈哈哈，挺好看的哈哈哈，挺好看的哈哈哈，挺好看的哈哈哈，挺好看的哈哈哈，挺好看的哈哈哈，挺好看的哈哈哈，挺好看的哈哈哈，挺好看的哈哈哈，挺好看的哈哈哈，挺好看的哈哈哈，挺好看的哈哈哈，挺好看的哈哈哈，挺好看的哈哈哈，挺好看的哈哈哈，挺好看的哈哈哈，挺好看的哈哈哈，挺好看的哈哈哈，挺好看的哈哈哈，挺好看的哈哈哈，挺好看的哈哈哈，挺好看的哈哈哈，挺好看的哈哈哈，挺好看的哈哈哈，挺好看的哈哈哈，挺好看的哈哈哈，挺好看的哈哈哈，挺好看的哈哈哈，挺好看的哈哈哈，挺好看的哈哈哈，挺好看的哈哈哈，挺好看的哈哈哈，挺好看的哈哈哈，挺好看的哈哈哈，挺好看的哈哈哈，挺好看的哈哈哈，挺好看的哈哈哈，挺好看的哈哈哈，挺好看的哈哈哈，挺好看的哈哈哈，挺好看的哈哈哈，挺好看的哈哈哈，挺好看的哈哈哈，挺好看的哈哈哈，挺好看的哈哈哈，挺好看的哈哈哈，挺好看的哈哈哈，挺好看的哈哈哈，挺好看的哈哈哈，挺好看的哈哈哈，挺好看的哈哈哈，挺好看的哈哈哈，挺好看的哈哈哈，挺好看的哈哈哈，挺好看的哈哈哈，挺好看的,2,https://movie.douban.com/review/10249145/
Green Book,"这么命题是因为这边的片名翻译是幸福绿皮书，但其实没有人因为南方巡回演出而被拯救，只是一切回归原样而已。
→1.黑暗面与内心世界描写不足
双方签订的合约一开始就有说好，唐的房间里每天都要有一瓶酒，还要确保演出用的钢琴一定要是史坦威。
但关于酒只带到房里独饮或阳台发呆饮酒的场景，并没有唐内心世界如何活动，和对当天出门遭受的不公平待遇的想法。
唐说保有尊严才能保有一切，但他只有在台上用史坦威钢琴演出时才有尊严啊，许多时候在上台前或下台后，尊严都是被当成粪土践踏的。
相信唐的内心仍然有黑暗面，即使是心理学博士也不会一下子就化解掉如此多不合理的事情，而且完全不会表现出来吧？  迷惘、忧郁、脆弱、胆怯，该是人后的他所拥有的一部分心理状态，可惜这些无法释怀或放下与化解几乎没有展现出来。(甚至连他状态看来不好时，演出也是百分百完美，没有一些情绪上的抒发等等)
→2.双主角?明明只有一个主角啊。
感觉主角分明是东尼啊，唐在南方遭遇的事情都是轻描淡写的带过，而且除了有次东尼殴打一名员警，而使唐和东尼都被拘留，后来唐打电话给高官才让两人得救以外，几乎都是东尼救了唐啊。
然后唐的家人与妻子三两句话就交代完了，与三重奏的另外两位朋友的对话更是少到让人怀疑他们是不是朋友的地步，反而更多的是东尼和亲戚朋友用义大利文聊天的场景。
→3.阶级问题
看到一些评论说，这部电影又是白人拯救黑人的英雄套路。
但试问各位，逃离原本所属阶级的方法，除了努力增强自己能力以外，人脉方面难道不是靠上层阶级的帮忙吗?",2,https://movie.douban.com/review/10202779/
Green Book,"从西方国家通过侵略其他国家来完成早期原始资本积累这一点来看
黑人身上的脏水本来就是白人给泼上的。
黑人本来不黑。是白人太白，所以黑人才黑。
为了合理的侵略和奴役他们的人民。白人像全世界宣称。黑色是天生有奴性基因的。他们为了合理化自己的权利。把黑人认为是暴力的，好色的，喜欢偷盗的，需要被控制的人类。
这盆脏水一下去，别管黑人本来如何。这个印象是逃不掉了。
连我在法国的时候看见黑人也会下意识拿紧自己的钱包，天黑的时候宁可走到白人的身边也不想靠近黑人。我都不知道为什么。
我长在东方啊。你说这种刻板印象厉害不厉害！
如果说他们行为本身有问题，那千百年来，他们是不是也有破罐子破摔的成分。法国早年殖民非洲，对他们的经济是不是也造成了重创。那他们有些无法接受教育的，没有身份证的人，被歧视的人，在社会上没有未来，没有前途是谁造成的？
再谈世界对黑人的刻板印象。只要是电影里面，出现黑人社区，一定是混乱，肮脏的，贫穷的。黑人一定言语粗俗，喜欢好战斗勇，整体缺乏基础教育的样子，甚至出现吸毒贩毒的场景。且不说是不是所有的黑人真的都是这幅样子，
如果真的有这样的情况出现。
他们的堕落，跟社会真的没有关系吗？仍然在白人社会的夹缝中生存的黑人，永远洗不清身上的脏水。就这样艰难的生活着，
早期因为白人觉得黑人肤色为黑色，认为他们是肮脏的，这本来就是莫须有的罪名。他们搞彻底的种族隔离，拒绝和他们上同一间厕所，喝同一个水壶里的水。拒绝和他们坐在一起。
黑人就这样被迫的变成了现在这个样子。
曼德拉的解放宣言过后，现在种族隔离是消失了，这是这盆脏水是洗不干净的。黑人的固有刻板印象拿不掉，再说。如果当时没有人提议去隔离他们，那么也不存在什么因为斗争才能得到的解放，他们本来就应该是自由的生活着，得到尊重的活着。后面仿佛变成是不合理的。这种本末倒置的自由。他们本来就该是自由的，为什么要在白人那里请求自由和尊重？这一点似乎连黑人本身都忘记了。
如果真如电影所演。黑人是需要白人拯救的，需要白人去解放的，别忘了，是白人把黑人关在笼子里的。
先关起来，再放出来，实在没有什么伟大的地方。
白人追求的自由，是自我的自由。那种平等博爱只是一套假大空的言论，把其他人种锁在笼子里放进院子做看门狗，然后回到自己的家里讲文明讲礼貌，讲平等讲博爱。
原谅我这个电影真的很难笑出来。如果没有喜剧的包装，我们就直视人类的愚蠢残忍。
这种少量的黑人，比如天赋异禀的，和白人建议良好关系的黑人，才能得到白人社会的认同，他们脸上的表情隐忍又脆弱。好像奴隶主只要跟自己的奴隶表现的稍微亲近友好一点。那就是天大的善人。奴隶不管多么优秀都要小心翼翼，因为得到了一点本就该得到的尊重和和平就简直要歌颂。这白人拍的电影不就像以恋童癖视角拍摄的洛丽塔电影一样。受害者的一方真得和他们是一种心情吗？他们接受这种""文质彬彬的黑人""，""天赋异禀的黑人""""纯粹因为他们善良被推向拥有社会地位的黑人""。更显得莫名其妙，反而表现出了他们是多不懂平等，多不理解人性。真正的接纳是让对方像空气和水一样自然的存在。而不是这种沙子里淘金的感觉。总归是有分别心的，就像在孤儿院收养的孩子一样疏远别扭。
换句话说黑人接受白人了吗？他们需要白人的改造和解救吗。是白人在全世界面前。夺取了他们的自由和尊严，白人赐予他们的，不正是白人从他们身上掠夺的吗。他们会不明白吗。他们真的有斯德哥尔摩综合征吗，我看未必。
所以黑人永远是黑人，他们一直带着白人妈咪给的糟糕评价在世界忍受着各种各样莫名其妙的歧视，举步维艰的生活着。
中国有重男轻女，美国有重白轻黑，现在白人妈咪看势头不对，不敢肆无忌惮的虐待打压黑人了。可是脏水的问题要怎么解决。他们到底需要多少百年才能彻底洗干净？
白人刚学会跟黑人好好说话，就被自己的善良和人性的光辉深深感动了，怎么想怎么觉得，我真是太棒了呀，我不嫌弃他黑，还给他们拍电影，我真棒，以前人的可还拿鞭子抽打黑人呢，我竟然能做到和黑人好好说话呢，我一定是一位真正的圣人！白人深深陶醉在自己的精神高度中，久久无法醒来。
绿皮书这么有恶意的真实存在过得东西。竟然在2018年被拍成电影，还被包装成温情脉脉的喜剧片。简直是要砧板上的鱼跟你一起看美食节目还让鱼笑出来啊。
竟然还被选为奥斯卡最佳电影。
真棒，洗白还是要服美利坚共和国。
因为有白人的存在，黑人会这么一路黑下去。
呵呵🙂",2,https://movie.douban.com/review/10067584/
Green Book,歧视移民和外来者很正常的，现在各国都在鼓吹多元化。特别是中国教育部各大院校为了所谓的国际化大肆招收垃圾留学生给予高额补助。毕竟有钱的基本去欧美呢。特别是黑皮最多这逻辑怎么产生的呢。这就是当官的认为中国现在吸引不到那些有钱或有才的留学生来中国留学就是因为外国人不够多。没形成多元化的气氛所以先多招点人进来。只要是外国人就行。这就是现在中国上层的意思。西方为什么种族冲突越来越严重呢就是自身没去强制同化外来移民。这身体的异种细胞越多反噬越严重。,2,https://movie.douban.com/review/10054603/
Green Book,"除了搞笑以外没啥亮点。
至少我仍然不明白为何黑人要去南方自找歧视，为何说着要用尊严争取最后根本争不到一个在餐厅吃饭的机会，为何一路上都忍下来了，最后却忍不了，本可以在北方获得三倍演出费，总归是有个要在南方解决的或者放下的问题吧，然后呢，这个问题呢，无疾而终了，转而友情结尾。
然后白人看起来并不像是会解决纷争的人，还喜欢诉诸暴力。根本不知道为何两人能够相互容忍还有发展成朋友的倾向，互帮互助基本都是出于工作关系，倒是意见不合才是属于两人之间的，想要相互理解的这种细节太少，但是转向太多，十分突兀。
如果看友情片，有比这更好的友情片，如果想了解种族歧视，也有比这更好的纪录片，结果这部电影这两者都是浅尝辄止，未免过于简单。而且虽然有主线，但是还会让人去想这两人要去干嘛，不知道去哪些城市不知道演出路线不知道查看绿皮书进行路线规划的过程，那干嘛起名叫绿皮书，蹭个热点吗。
除了搞笑能加一星外，我想了半天不能这么绝情，那就再给黑人的现场演奏而不是靠分镜表现的演奏加一分好了。",2,https://movie.douban.com/review/10036001/
Green Book,真的喜欢不起来，也不想再花时间再看一遍了。这部片子可算是集齐了除女权外的政治正确于一身，左手黑人平权，右手同性恋，简直是为奥斯卡量身定做的作品，一见光就自带奥斯卡光环！可惜这部片子政治正确的部分却是刻意营造的，一个厌恶黑人的意大利佬在旅途过程中潜移默化地被黑人音乐家的人格魅力所打动，孤独而冷漠的黑人音乐家也在粗鲁话痨但坚持原则的白人司机身上找到了人性的光芒，这种策略过于刻意且非常俗套，这部片子在美国遭到黑人、媒体甚至原型人物谢利博士家人的批评，如果说《黑色党徒》是一部黑人导演拍给黑人看的“精神胜利法”影片，那么《绿皮书》就是白人导演拍给白人看的以黑人平权为背景的关于白人完成自我救赎的影片。当然这部片子也并非一无是处，音乐和摄影算是比较出彩的，马赫沙拉•阿里的表演非常动人，举手投足都是戏，相比而言维果•莫滕森的表演就要糟糕很多，我们可以切身感受到他想要演好一个粗俗土气的意大利佬的努力，他演得很像，但明显有欠自然。,2,https://movie.douban.com/review/10029984/
Green Book,说实话，这部片子并没有大部分人吹嘘的那么“神”，就只是一部平平淡淡的描写黑人种族歧视背景下黑人精英和白人普通劳动者之间的摩擦，从相互看不惯到因为追求和欣赏而彼此认同。无论是人物心理刻画、影片叙事方式、制片剪辑和演员细节把控，根本做不到大部分人所说的那么宏伟，甚至为该片打上五分好评。这不就像鲁迅的文章以及高考文章阅读理解一样吗，正是因为文章或者说中国独有的高语境语言的包容性，看似可以以小见大，展现多分面的特色，实际上它就是一种过度解读。而在豆瓣这里，我阅读了诸多答案，一些高赞答案给影评强加了一些莫须有的赞赏，实际上对它的一种赞赏，也是该影评人对自己的一种赞赏，因为他（她）觉得他（她）看出了别人看不到的东西，就是对自己的盲目的正强化。而更多答案则是千篇一律与高赞答案不谋而合，这让我想到了古斯塔夫的“乌合之众”，正如他所说，“群体的叠加是愚蠢的叠加，而真正的智慧被愚蠢的洪流所淹没”。,2,https://movie.douban.com/review/10028099/
Green Book,"绿皮书，一部底层白人猎奇上流生活和黑人困境的奇遇冒险类型片。如果不是奥斯卡最佳影片的纬度，我会给它和触不可及一样的推荐分数。这片子完全是迎合大众心理和情绪需求设计的情节，看下来确实很舒服、很流畅，但也少了应有的突破和提升，实属平庸之作。
男主的人物关系、行为动机都交代的清清楚楚，而相比之下最佳男配阿里作为黑人，看起来好像是带着英雄气概改天换地的使命去的南方，一路却只是缩在铁盒子里默默受气受伤，最终一出的抗争也只是改变自己，不为这帮混蛋表演了，动机和行为逻辑有点莫名。两个白人音乐家神秘兮兮的两次强调他南下之伟大，让我以为阿里会有为黑人争取点什么，没有！动机和行为脱节。总之，片子只有对于种族问题在当时是怎么样的之类的猎奇展示，没有任何思考。
而同性恋更是对丰富角色没有任何帮助，只是强行为政治正确给人物多贴了一个标签而已，把这幕改成黑人任何其他理由被抓都不影响人物和剧情。
在路上之后黑白两人之间的矛盾和冲突点都是阶层的，结尾的温情也主要是阿里突破阶层障碍，与他们是黑人还是白人还是同性恋都没有关系，所以阶层矛盾高于种族或性向?这绝对是政治不正确。
另外黑人酒吧里，阿里是真的自己在弹肖邦的冬风，很燃！这点比最佳男主角马雷克的全场假唱和尴尬的舔龅牙表演强了不止一点点。",2,https://movie.douban.com/review/10026606/
Green Book,"一部讲了一位黑人音乐家富豪，和两个白人组了个三重奏乐队，在黑人受歧视的年代1956，为了推广黑人平权，专门雇佣一位恰好失去工作生活拮据的白人为司机。开始了为期两周的巡演。一路上磕磕碰碰，白人司机从一开始的鄙视黑人，在相处过程中，发生的一桩桩事情让他逐渐改变了鄙视的想法，甚至帮黑人老板打抱不平，最后留下了深厚黑白友谊的故事。
电影中的收获：1.剧情脉络俗套，从白人开始的鄙视知道最后他肯定改变观念和黑人成为好朋友。一次黑人表演完去酒吧喝酒被白人们调戏围殴，白人司机赶去解救；一次黑人找gay玩被抓警局里白人司机来解救；一次开车迷路被抓警局里，黑人打电话给肯尼迪总统，两人得救……过程遭遇很多挫折，但也有些甜的时候，黑人教白人司机写信，改掉坏习惯，白人司机帮黑人老板解决麻烦，最后也理解了黑人，知道他的处境，他被鄙视被孤立。最后结局回到纽约，白人司机邀黑人到家里和一群白人共庆圣诞，团圆大结局。
2.政治正确，剧中有肯尼迪总统的电话解救两位主角，说明政治上的大大们主力推广黑人平权。
3.白人表演生硬，黑人无感情，两位主角雨中吵架和解那里，我不知道他们感情如何，很平淡很尴尬的就和解了。写着写着就从三星给两星了，经不起打趣细细品味。",2,https://movie.douban.com/review/10023595/
Green Book,"看绿皮书完全是个意外。在意大利念书，过年的假期没有回国，同学约我去布雷拉那边的电影院看折扣电影。因为我和她都不会意大利语，我们只能选择时间稍晚的英语原片，当天看的就是这个green book。
我是看了很久之后，大概有一个月才发现国内上映了。大家开始疯狂吹捧这个电影，我甚至有点迷茫，我和大家看的是不是同一个。可能有字幕翻译的原因，因为是英语原片，并且意大利语字幕。我只能接收到我听懂的信息来看待整个电影。也许我失去了一些细节的辅助，但我想就我所看的，甚至可以说是残片的角度来说一说绿皮书。顺便给大家补充一下我的认知，我在去之前，这个影片没有任何光环，我不知道它是要拿奥斯卡，我也不知到这个影片的简介，我不知道演员是有名的演员，我也不知道这二位的关系是朋友。（这个友情部分是在电影最后的部分我才看见的，所以我完全是一个客观的，带着个人喜好去看的电影。）
首先，它不能算一部呼吁平等的影片。我不否认在全篇里它都充满了对于黑人和白人社会地位不公的基调和各种细节的刻画。事实上，抛开那些，我更愿意认为这些细节刻画是为了他们之间的“友情”作为助攻存在。因为这些不公，让白人司机认识到社会对于他的黑人boss的不公平。但其实我们看到最后，白人也没有真的改变。在餐厅哪里，黑人老板对白人说，if you want, I can play.(大概是这个意思吧。)然后影片里面白人很受感动的样子，然后拒绝了演出。我心里一阵what?????黑人都这样说了，明显就是不想演奏了（可能台词的问题，这句话在我看来就是特别不想了，我礼貌表示你说去就去吧。但拜托，你才是老板！）这个时候有点情商的都会说算了吧？即便黑人必须完成所有的表演白人才能拿到尾款，但我不认为黑人不会私下补贴钱给他。所以不要和我说白人的损失一类的，我认为并不存在。按照上下级关系，应该是黑人来命令白人，最后变成黑人求白人。即便在这里有友情加成，我也认为刻意的刻画非常另我出戏。
其次，平等。白人在打警察的时候是因为美国警察侮辱了他意大利人的身份。OK，现在就要来谈谈鄙视链了。我来意大利之前并不知道的鄙视链，美国人鄙视所有人，英国人和美国人互相鄙视，西欧鄙视东欧，东欧鄙视俄罗斯，美国、英国、欧洲都鄙视俄罗斯。尤其是俄罗斯黑手党，具体原因我也不是那么清楚，但我朋友们看到一些街上的人他们不太好的，会用they must be rassia 来形容，大家可以自己体会一下。当白人抨击黑人说他不为他的人民说话的时候，像一个白人的gadget（我觉得英语的这个词比较好）的时候，真的莫名奇妙。虽然电影里面出现了一些上下的场景让这些指责看起来顺利成章，但明显表现出来的是对黑人的不理解和白人的自以为是。我不知道他们为什么会成为朋友，但是在我看来他们都没有做到相互理解。我认为黑人有他作为艺术家的天真所在（这是一个赞美的词汇），他有自己的艺术家的坚持，not to use animal toliet 等等。而且他固执的没次都来这个地方演出，我是认为，他希望通过他的努力和表演让大家接受他，从而接受他的人民。并不是要走上街游行，或者拒绝表演才是为平等而战。在我看来，你要先让别人了解你，作为个体的你，才能让别人慢慢改变固有的对于族群的看法。我并不认为黑人有任何不对的地方，从他作为一个艺术家，他坚持自己的艺术，在政治上他有自己坚持，他也有理解自己的白人朋友（乐队里的另外两个）。不是像马丁路德金那样才叫做为平等而战，让黑人在音乐届有一席之地怎么就不叫为了平等？
影片里面充斥着各种美国的价值主张让我感到极度不适，甚至连友情都像是白人施舍给黑人的。如果能重拍这部电影，我希望就好好拍友情，不要生拉硬扯谈平等。",2,https://movie.douban.com/review/10022797/
Green Book,"这种片子如果国人还拿钞票去捧场，不是汉奸就是傻，从贩卖非洲奴隶开始，真正给黑人人权也就几十年时间，就这几十年反复歌颂，自己都不嫌腻歪。
貌似现在美国最大的政治正确就是种族平等了，本来这部片子可以值上四星的，因为这么恶心的美国主旋律，给个二星真的很客气了。
你现在美国给其他国家的人人权了吗？",2,https://movie.douban.com/review/10022585/
Green Book,"我个人觉得绿皮书这部电影蛮平庸的，我承认它还算得上是情感细腻，但和上一届的最佳剧本电影三块广告牌比简直太缺乏冲突和张力了。还有上一届的水形物语也是平庸之作，感觉“奥斯卡”这三个字真是越来越没有吸引力了。
看绿皮书的时候，我总觉得黑人音乐家有些做作，感觉他紧紧地绷着自己，敏感地维护着自己的尊严，用优雅伪装自己。面试的时候下巴高高地昂着，一副强行高高在上的样子。不允许自己有一点犯错。不能吃油腻腻的炸鸡弄脏了自己的毯子，英语发言也要做到尽善尽美口音不能够出错，担心别人读不对司机名字，要求Tony改姓。虽然白人小混混司机粗鄙得令人尴尬，但有时候又真实地让人觉得他像个动物，至少像个真实的动物一样有点可爱。
不过我这样的观感是不是又说明了一个很微妙的问题，那就是这个片子或许本身是想谈种族大和谐的，然而它塑造的这个敏感而扭捏作态的黑人形象，是不是在其他人眼里又是一种欲盖弥彰的种族歧视。",2,https://movie.douban.com/review/10021684/
Green Book,"《绿皮书》这部电影，给我们讲述了一个白人混混（托尼）当司机护送一个黑人音乐家（唐）去南方的故事。一听到这样的描述，我就对这部电影充满了想象，这些想象来自于一个不是生活在美国的观众的认知。南方，美国传统的保守势力根据地，1962年的时候，一定充满了对黑人的仇视。毕竟在1964年，还有因”自由之夏”发生的恶行案件，三名”学生非暴力协调委员会（SNCC）“的工作人员（一个犹太人及其妻子，一个黑人为他们开车，是不是与本片的故事有神似）去往南方开展组织工作（该组织为了改善密西西比州黑人的社会、政治地位，1964年初，SNCC决定召集年轻志愿者，南下密西西比，动员、协助该州黑人公民参加政治选举），途径密西西比州费镇时被3K党杀害。这样的南方，对于一个黑人而言，可能是气氛诡异，阴谋笼罩的地方，对于一个电影观众，可能期待一种气氛的渲染，类似
第二个想象，是角色冲突的想象，有歧视心理的白人和黑人，底层和上层，四个身份的交叉能产生的冲突的想象。总而言之，就是冲突，是人在冲突中的成长。
但《绿皮书》没有满足任何这样的想象，要说它讨论了什么种族命题，完全是胡说。黑人可能遭遇的让人窒息的空气，完全没有营造。因为一方面，它的叙事是孤立的是零碎的，或者是浮于表面的。因为是巡演，一行人只在一个城市停留很短时间，在这个时间内只能发生一两个冲突，黑人上卫生间、黑人吃饭、黑人进西装店时的各种遭遇，是流水账式的：一个城市展现一个挫折，每个挫折之间还有博士的高光演出，所以这样的连贯性能构成南方的歧视全景？就好像《巴斯特·斯特卢戈斯的歌谣》一样，一个故事展现一个西部风貌，最后构成西部的狂野又荒诞？我个人是无法接受的，这样太初级。虽然在连续性上，可以认为黑人男主的安全圈正在缩小，直到后来被警察围堵，但情节之间没有递进，歧视的加深应是随着车轮的行进步步加深的，是有行进感的，酒吧里的白人混混打人到警察关押人，可以称为有递进的行进感吗？
要说导演的努力，有两个标志：一个是南方民众对歧视的理所应当一个是土地里耕作的黑人，除此之外放弃了努力。民众对歧视的理所应当，可能被作为本片有深度的证据之一（”不是我对你有意见，而是我这里传统如此“），但已经2019年，”视歧视为理所当然“这个说法已经没有深度了，更何况本片是靠嘴说。土地里耕作的黑人，贫穷且落后，与车边的唐形成鲜明对比，他眼中流露出深邃的目光，同情的同胞？还是看到了南方深厚的歧视土壤？还是感叹南北方差异巨大？无论他在想什么，修车看农民这一桥段对之后的情节发展毫无推进作用，也没有促进人物成长。所以导演的努力，都是修了断头路。
除了事件的孤立，另一方面，本片的喜剧属性也在不断打碎体验。举个例子，托尼殴打警察，两人被拘留，可以说是唐遭遇挫折的高潮，但与此同时，有两个事情发生：一是两位主角开始嘴炮（就不说这个嘴炮是多么初级了）并且带主题，二是黑人呼叫司法部长救援，三件事情在一个事件中同时完成，观众惊呼“他呼叫了总统嘛！”并开始爆笑，刚产生的气氛与升华主题荡然无存。本片是喜剧片，挫折情节与喜剧效果无法不叠加，希望兼顾，结果就是夹生，只有橘鸟酒吧到男主开枪的桥段还算完整（其实也很低幼，”哇他原来真的有枪！“）。
角色的冲突与种族毫无关系，托尼没有成长，虽然有扔掉杯子的桥段，但他一直是友好的融合的大开大合性格的代表，旅途中两人的矛盾，完全是阶层差异导致的。最后托尼邀请唐进家做客，导演希望展现一个首尾对比，但除了首尾之外是没有任何体现任何成长，托尼性格依旧，即使是阶层差异方面，他也没有体现因为成长而变得更有教养。一个热爱家庭又对周围人友好的纽约人，还指望他成长什么呢。
博士的成长很明显，从高高在上到打开心扉，但这是无关种族的。强扯跟种族有关的这方面，博士是倒退的，“黑人就应该回到黑人的地方去，黑人在弹奏黑人音乐并且跟黑人（托尼之类的底层白人）愉快相处的时候，整个人才是心情舒畅的，整个人才是打开的”，这难道不是倒退吗。角色是下滑的，虽然不是硬说古典就比爵士高雅，而是托尼已经嘴说自己是底层，而你个黑人只有来到我们底层这里，不要再去高层仰人鼻息，才能是身心舒畅，这其实就是种族思路（以种族差异为思考起点的都是种族思路）。
另一个方面讲，博士的助手说过，博士是怀着高尚的情怀来到南方的，拿着低工资看着别人脸色，也要到南方来试图改善南方白人的刻板印象。但博士显然是失败了，作为一个高级知识分子，他对自己即将遭遇的挫折没有心里预期，这不符合他的身份，一个有心理预期的人会去白人酒吧喝酒？会去澡堂和白人男子搞？完全无法想象。博士的失败还在于他没有任何的成果，没有人因为他的到来而改变，他只是体验了一把歧视，这是一场歧视体验游。本片给博士加上的光环，是在给这个人物减分。
当然，除了某些带有特殊期待的观众，没有人要求导演如何展示这个故事，也没有人要求导演拍成革命片，不够深刻就要批评他革命不彻底。问题在于不一致不统一。导演希望在种族因子和友情发展之间找到平衡，但很无奈，修筑的都是断头路，细节无法托起人物的性格，情绪也无法延续。如果说，本片所展示的种族图景是真实体现，但本文第一段就提到，1962年的南方气氛不是轻松愉快的，不是不凝固，而是导演不希望展示，或者是技法严重不足。如果说，本片所展示的角色关系就是真实体现，但初始设定如此丰富，实际发生的却如此乏味，无法让人信服。如果说导演希望展现的就是纯粹的友情，那这么多的种族主题时隐时现，意欲何为呢，当代影坛完全不缺乏表面携带母题噱头却说小而纯粹感情的影片。一个小纯粹公路片拿到奥斯卡最佳影片的桂冠，和黑白讨论没有关系吗。
所以《绿皮书》只关于友情，是两个阶层不同的人最终成为朋友的喜剧片，本质上是一部
托尼是个底层混混，贫穷但有个美满的家庭，暴力但性格开朗又友好，唐是个音乐家，内心孤傲但是孤独（这样的人设足以撑起一部《早间主播》）。托尼给唐介绍他们底层音乐，唐教授托尼如何写情书，旅途中托尼展现铁汉柔情保护知识分子，最后圣诞节双方彻底大团圆。这样描述一部电影的话，相信很多人会全无兴趣。作为公路片本身，完成度很高，细节也有用，炸鸡代表了黑人饮食，托尼逐渐带领唐进入黑人文化的象征，鹅卵石代表了更高阶层的价值观和守则，是唐希望托尼能够学到的东西（“你不是那个蹲在地上玩石头的出身），最终炸鸡和鹅卵石在影片中段和后段两次承托了气氛，将友情主题逐渐升华。除了足够工整的亮点之外，没有其他。最后的大团圆，先进来的不是唐而是典当铺一家，就当托尼准备关门时，唐出现在了门口，当然一开始观众就知道肯定会大团圆，唐肯定要出现，这样玩梗翻番只能表明技法上的无聊。
所以说，《绿皮书》是一部讲述友情的电影，格式工整但是很常规，足够合格，视听语言相当乏味。在所有种族描写的努力上是失败的（暂且不讨论其立场究竟如何）。一个标准的三星六分，（因为最后被如此拔高）扣掉一星两分，最后只能给两星四分不能更多。",2,https://movie.douban.com/review/10021224/
Green Book,看了豆瓣上的影评后特意去电影院看了。。可能是我内涵不够高。完全体会不出这电影哪里好看，没动作，没笑点，没特效，连女主角都没，看完后也没体会到什么黑人歧视不歧视的，唯一的笑点就是黑人吃炸鸡哪里。也可能是现在已经没有什么种族歧视了吧~~~看完后就后悔没看驯龙高手。。。。建议跟我一样肤浅的人 还是别专门去电影院看这个了吧 哈哈哈哈~,2,https://movie.douban.com/review/10020713/
Green Book,"谁能想到《绿皮书》现在可以在网上看到。
影片很难评价，从细节和演员上来说，这是一个介于良好和优秀之间的电影。黑人阿里的表演我很喜欢，他把一个扭曲在种族歧视中的黑人艺术家表现的淋漓尽致，不愧是拿过两届奥斯卡最佳男配的演员。维果莫滕斯，我想请岁月把我的阿拉贡还给我，你这油腻大叔的打扮是要像拥有弹簧身材的贝尔看齐吗？影片细节的刻画非常优秀，博士的纠结和托尼的成长，每一个细节都服务于角色的性格，可以说在剧情方面接近满分。
但是我认为，这部奥斯卡最佳影片的剧情不及格！
影片的败笔出在剧情的中心思想，你想说种族歧视，你想让观众认为你在讽刺白人至上，可电影却在用白人至上的口吻告诉你我们不能种族歧视。当初滥杀黑奴的是你们，现在告诉我们不要歧视黑人的还是你们，那黑人在干嘛？黑人在像博士那样，用自己的力量，哪怕明知前往南方会遭受无尽的侮辱仍毅然前往。现在你来告诉我，在反种族歧视上片中白人和黑人谁更伟大？站在黑人的角度上，我终于知道为什么奥斯卡最佳影片颁给《绿皮书》时，斯派克李愤然离场，无数黑人拒绝鼓掌，去他娘的政治正确。从去年的人兽恋电影《水形物语》，到今年的《绿皮书》，我真不知道奥斯卡是依据什么确定最佳影片的，难怪中国都开始让《翻滚吧肿瘤君》参评奥斯卡最佳外语片奖，确实没啥意思，对现在奥斯卡的评价就两个字——狗屎！
不过还是推荐大家去看看这部电影，情节轻松幽默，人物成长深刻明显，最后结局圆满欢乐，对于没有种族歧视的中国人还是很适合的。",2,https://movie.douban.com/review/10020084/
Green Book,"打二星，这部电影还算是典型的美国式电影。然而整部电影的桥段，就是对《为黛西小姐开车》和《触不可及》的模仿。然而，比起《触不可及》，《绿皮书》又差得太远。
这是一部典型左派政治正确的电影，关于种族歧视、女权、同性恋、底层人群的陈词滥调。电影中的段落几乎没有什么地方打动我，桥段设置过于生硬，包括逃脱困境，最终也不过是求助一个富有“同情心”的左派总统的帮助。对权力的渴望，这部电影才真的是“溢于言表”啊！
电影中男主角和钢琴家一起吃KFC，并将鸡骨头扔出窗外的行为让我不适。这个行为本身传达出一种平民主义的政治倾向，将高贵的事物庸俗化——我并不是说鸡骨头不可以扔，而是想说明这段电影情节做作的政治动机——表面上推崇平民，嘲讽精英，实质上轻率地进行推断，并给“平民们”戴上枷锁，以致于倘使平民不“粗鲁”，那么他们就犯了道德上的错误。这种将平民主义泛道德化，并粗暴地进行说教，难道不是真理部一贯的作风？
男主角本身就是一个粗鲁和暴力的，腆着个油腻腻大肚子，牙隙间塞满了鸡腿碎肉，肚子里能装下26个汉堡外加一整张披萨的粗俗的“平民”——这是电影的描绘，为了完成真理部的任务，而未必等同于原型在现实生活中的形象。也许，真实生活中，这位原型——白人司机——或许形象更丰富和复杂，远不止电影里的粗糙和单一。
钢琴家，如果他最后的演出，不是爵士乐，而是肖邦的作品，或任何古典乐作品。那么，也许电影会有一些高度。因为钢琴家自己都说他演奏的肖邦无人能比。但是，他是个走流行路线的钢琴演奏家——满足平民的审美需要，这正是这部电影所求。他毕业于列宁格勒音乐学院，这是不是又是白左们，那些拿种族主义、同性恋、平民主义做文章，并进而构成的真理部，乐意广而告之的呢？
好莱坞已成真理部。因而这些人，不会有更深入的思考，也缺乏判断力，更容易为这些热炒的“主义”而“狂飙突进”，然后泛道德化，缺乏严肃性，却似乎总是自带嘲讽的嘴脸和骄傲光环，仿佛真以为自己“代表了人民”。靠近左派，就离浅薄不远了，这些白左们也很好收买。正如你给他们一点“权利”和“权力”，他们就欢笑；当遭遇“权力”失控，他们又暴跳如雷。本质上，这些真理部的“工作人员”，还是摇尾乞怜的，虽然他们不时面露同情和爱意，偶尔或是狰狞或是温情，他们最后要的，也不过是“权力”。《绿皮书》并不复杂，它就是这样一部伪装温情的真理部左派宣传片。
当把对“权力”的需要伪装成对“权利”的争取，好莱坞也就成了真理部。",2,https://movie.douban.com/review/10011073/
Green Book,"30年了，好莱坞关于人种歧视议题完全没有一丝进步，依旧偏颇于“岁月静好婊”式电影。黑人钢琴家在片中扮演导师，唯一作用是教导和帮助白人改变自己——他甚至不用阅读真正的纸质绿皮书。片子把根深蒂固的种族歧视简化成单纯直白的暴力，并把这些明面的冲突交给白人司机处理。整部片子里利用幽默温和的手法卸下观众观看的负担，如同刘真在小S旁边跺脚辩白“我们做出了努力啊，交流让白人放过了我们。——我真的有跳舞。”、“所以那是过去的事情了，你看我们白人司机为歧视作出的巨大努力——不信你看，我真的会跳舞。”好莱坞进步了么？这就是另一部《为黛西小姐开车》罢了，这就是一剂安慰剂罢了。“我们不是走了很长的路吗？ 我们今天做得不好吗？”。
最大的不适是观看途中的剧情猜测，当出现同性情节的时候，我唯一想法并不是自己猜中了剧情，而是：这部片子并非反歧视，而是在展示白人更为淫秽的歧视。或者：Spike Lee背对着反穆反黑言论编剧上台领奖时候的沉默，我能理解了。",2,https://movie.douban.com/review/10008573/
Green Book,"难以理解这样的开倒车能成为2019年奥斯卡的BP
关于“种族”的讨论其他影评差不多都说干了，那我就来说点别的——消灭个性化
1.帮写信提升文采
如果我是Tony的妻子，收到这样一封与平时文风大相径庭的信，第一反应一定是，这信从哪抄的？Tony一开始“流水账”式的白描自己所处情景明明很有画面感，也是这个大口吃肉、大口喝酒、痛快笑骂的糙汉子独有的浪漫。如果人人都念着“今晚的月色真美”，那这个世界可真够无聊的。
而这一点也是全片仅有的Dr对Tony的改变。
2.有关寂寞
Tony听到Dr还有一个兄弟就让他主动联系他，顺便撒了一碗心灵鸡汤：要主动走出第一步。就没有问为什么这么久不联系吗？也许发生了不可原谅的事？
Dr晚上一个人喝酒不合群就一定是寂寞吗？看到这，本以为会展开探索Dr不合群却又灿烂的个人独享时光或者迷人而强大的精神世界，到后面才知道这个设定单纯是：一个人，孤独，寂寞，可悲。圣诞节一个人在家就是可悲的，加入一个并没有完全接纳自己的一大桌人就是HE？这刻板说教真是让我白眼快翻过去了。
3.强化刻板印象
黄种人=小眼+矮，Gay=瘦（说不定还能展开成滥交染艾滋🌚），幸好国内把“Chink”这样的辱华词删了，不然国内上映不定被喷成什么样。
讲述二人相互影响的治愈类型，友谊组有《触不可及》，爱情组有《遇见你之前》等，抱歉，这部强化刻板印象，与美国个性教育、宣扬自由、多元化与多样性背离，开倒车的《绿皮书》我没法吹！
PS.看了豆瓣话题真实事件的对比更觉得恶心，未出柜直接贴标签gay，无比坚定处处有自我规范的“戏说”成彷徨迷茫，不能接受！反而觉得真实的Dr个性更加有趣吸引人。",2,https://movie.douban.com/review/10007486/
Green Book,"整个故事的存在性和出发点，打个比喻吧。一个贫穷直男作为一个企业家gay的佣人，直男以为gay肯定被歧视，缺少爱和温暖，故而经常只穿内裤服侍老板，他以为gay都是这样互打招呼的。说句不好听的，他以为他是谁啊，人家需要吗？不冒犯别人吗？
自我感动，如果别的电影是加分算分，他的算分得是往下减分的。车上用手吃炸鸡那段挺恶趣味。显得他仁慈吗？显得他大气友好吗？感觉这些都是表面的东西，作为一个富有的钢琴家也许根本不用面对这种情况。自我感动个什么劲儿！",2,https://movie.douban.com/review/15241989/
Green Book,"看了一半，只觉得很无聊，这个电影得到的评价过高了。
并不是沾上奥斯卡奖的就是一个特别优秀的电影，《绿皮书》也就是中等水平。
只是电影主题“政治正确”才能得到奥斯卡奖的青睐而已。
至少前半部分并不好看，后面没看不作评价。
还没有某些国产电影好看，可能也是因为口味不同吧。
但其实我还挺喜欢很轻松的电影……
电影里面白人司机给他老婆写信说，他觉得黑人钢琴家应该很孤独——
不俗套吗！好尴尬呀……",2,https://movie.douban.com/review/10004941/
Green Book,"《绿皮书》是一部目的性非常明确的电影，我仿佛看到其导演在银幕上不停蹦高并大喊口号：我政治正确要得奖！我支持种族平等应得奖！！我力挺同性平权该得奖！！！反正口号我全喊出来了，不给我点儿奖你们评委就是亲特朗普派、就是种族主义者、就是恐同者、就是自私鬼！你们看着办吧！
影片中的人物、剧情、时代设定等都是老套路，不用想就知道后面的发展是怎样的。一个黑人老板雇佣一个白人老油条开车，开始矛盾后来和好，两人在旅途中互相理解帮助，blablabla······观影的乐趣早已荡然无存，一切都按照既定的轨迹发展，毫无美感和艺术创造性。虽然剧本框架是“根据真实事件”改编，但由于中心思想早已设置好，填进去的几乎都是类似劳模报告般虚伪的陈词滥调罢了。我没有任何“感动”，只有讪讪的尴尬。
这种尴尬的极点，是画风突然一转，刚才还拿腔拿调、人五人六的黑人钢琴天才--男主角唐·雪莉博士竟然在浴池和一个陌生白男淫亵，还赤身裸体的双双被警察抓了现行！我不禁笑骂导演的贪婪，真是无所不用其极了。肥的脱相的莫滕森“自然”毫不在意老板的特殊癖好，他没有像观众一样大惊小怪，而是毫不犹豫地帮博士脱险。因为他是“劳模”，是自带光环的。
类似的故事翻来覆去，都是无谓的重复再重复。影片拍的极尽媚俗，挑不出一点“不对”的地方，这恰恰也是它最大的缺点所在。我不相信这部电影能问鼎奥斯卡，它的素质非常平庸，但即使它被选中了我也不惊讶，毕竟《月光男孩》那种电影都能靠“概念”取胜，还有什么不可能的呢？！
由于国内有片商想引进这部电影，所以影评几乎闭口不谈这部片中的同性恋情节，豆瓣标签、所属频道也没有“同性”一栏，这真是一种讽刺，也许上映的时候也要删掉上述那段戏。不知道“无比正确”的导演到时候会作何回应。另外片中出现的酒驾也非常错误。
ps 本片导演是以《阿呆与阿瓜》、《我为玛丽狂》等低俗喜剧闻名的“法拉利兄弟”中单飞的哥哥。也许是已经63岁再不拿奖以后就没机会了，所以吃相不加掩饰、吃急了直打嗝，我们也可以理解。",2,https://movie.douban.com/review/9920423/
Green Book,"在开始之前，我必须提前说明，这将是一篇戾气横生的影评。因此，如果您一身正能量，如果您心理承受能力比较差，咱们就此打住就可以了。我写不出什么阳光明媚，春和景明的东西，这是我与生俱来的暗黑属性。。。。。。
在开始看这部电影之前，我已经被铺天盖地的各种媒体洗礼了大概两个星期，无非是各种角度的盛赞，各种五星好评，不吝溢美之辞，金球奖，电影工会奖，电影学院奖，影评人工会奖。。。。。。但是在整个的观影过程中你知道我脑子里在想什么吗？
——“他要是不能在下个小时内翻盘这个电影就完了”
——“操，他要是不能在剩下45分钟内翻盘这个电影就完了”
——“操，他要是不能在剩下半个小时内翻盘这个几把电影就完了”
——“操，谢利一定会去弹那架蠢钢琴，他要是不弹那个几把玩意儿我特么吃屎”
——“操，完了，神马几把玩意儿”
这就是看整部电影的时候我脑子里的想法。假如引进版里找黄宏给托尼配音，找巩汉林给谢利博士配音，说这个电影有一个中国大陆导演我都不会有丝毫的怀疑。整部电影是由各种想当然的口号儿式凹造型和连绵不断空洞生硬而又政治正确的道德说教组成的一篇GIF格式四格漫画体bullshit propaganda。黑人志趣高雅而道德高尚心怀天下，苦恼于种族歧视和性倾向的困扰，白人市侩而油滑，胜在天良未泯关爱家庭，二人上路互相感化，黑人感受到人情的温暖，白人接收到艺术的熏陶，皆大欢喜各方买好合家团圆圣诞快乐，黑人白人少数族裔同性恋都能在片子里找到给自己的新年祝福。。。。。。去您妈的吧，世上的便宜都让您一个剧组占了别人还活不活？因为开篇的一句“chink”您还欠全世界华人一个道歉呢您火鸡吃撑了忘了吧？反种族歧视？别他妈逗我笑了。。。。。。
在情节的铺排方面，这部片子可说轻佻而敷衍到了极点，电影里几乎没有一个矛盾可以持续十分钟以上的时间。拜托，您他妈拍的是剧情片，不是漫威的无脑爆米花爽片好吗？人物塑造方面，等会儿吧，这片子里有人物塑造这码事吗？想想当年的凯文史派西，或者摩根弗里曼是怎么演戏的。。。。。。哦，我忘了，这俩宝贝儿已经性侵了，不能提了，现在是米兔的年代，道德上有瑕疵的人就算业务再好也不能提，卧槽，这句话里的逻辑好熟悉，好像什么时候在哪儿很流行，至于为什么现在全世界都这操性，我只能假设世界是平的，而人类劣根性的扩散系数为无穷大。。。。。。好像扯远了赶紧拉回来。本片的人物塑造完全是通过一个一个的摆拍来完成的，仅举几例——
1.托尼偷了老头的重要帽子再送回去买好
导演想：说明托尼很油滑，擅长人际关系。我的意见：衣帽间的女士是哑巴还是傻？托尼只不过是夜店保安而已，就算打起人来很恐怖，老头丢了帽子已经放话要弄死您了，您还替他保密，您是跟托尼有一腿嘛？
2.托尼扔了黑工人喝水用的杯子
导演想：表达托尼种族歧视思想很严重。我的意见：从整部片子来看托尼的表达对黑人的厌恶仅此一次，之后不仅为了谢利博士婉拒了白人的工作邀约，而且到后面还多次替黑人挺身而出，我看托尼其实是白左卧底也未可知。
3.托尼为出发做准备去当铺当手表
导演想：表达托尼很穷很顾家。我的意见：从一路上托尼花钱的气概我倒看不出穷的架势，当然你可以说那时候有谢利博士替他出钱，但是相信我，我也穷过，我知道穷会变成一种思维习惯，而我也看过很多意大利导演的电影，我相信在穷的感受方面意大利人和中国人并无太多的不同，而这就是我之前提到关于人物塑造话题的原因。
我实在不想再列举下去了，片子里这种通过摆拍来塑造人物形象的例子多到可以用簸箕撮大堆，也许是我老朽了接受不了这种新时代的艺术表现手法，也许这就是贾樟柯选择用爱疯XS而不是专业摄像器材来拍摄自己新作品的原因？谢利博士长篇大套的道德说教——赌博不好，不告而取谓之偷，不要对黑人有刻板印象（然而讽刺的是最后你丫不还是很享受的吃了炸鸡嘛？导演在这里是明粉暗黑吗？如果真这样我倒是要对你丫刮目相看一点儿）就像他替托尼给媳妇写的家书一样大而无当，空洞又不接地气。在我想，导演可能根本就弄错了种族歧视的真实含义。反对种族歧视并不是像那些南方城市俱乐部里欣赏博士演奏的衮衮诸公那样给他们表面上的尊重，而是帮助那些贫民窟里无所事事游手好闲又看起来危险无比的有色人种找到和这个世界和谐相处的正确方式。黑人黄人和全世界的其他人并无什么本质上的不同，黑人接地气的生活方式也不是只有在南方小旅店门口扔马蹄铁或者下等酒吧里听着爵士乐乱扭这几种。反刻板印象？导演您丫在骗鬼吧？
事实上关于这部电影为什么能在世界范围内包括豆瓣上好评如潮，我倒是想了很多，我最终的结论，千言万语总结成一句话就是，这个世界已经完蛋操了。现在是媒体的时代，每个人每天早晨一睁开眼就处在媒体的狂轰滥炸当中，你看到的，听到的，都是全世界最牛逼的算法和大数据为你精心挑选量身定制的信息内容，想保持神智清明谈何容易？就算真勉强做到了，也容易像我这样被广大眼睛雪亮的人民群众当成神经病弃如敝履。在这个人人都可以轻易通过互联网连接的世界上，每个人又都是那么的孤独，希望被人看到，于是抹平了棱角，拔掉了尖刺，放弃了恶趣味，假装合群，装得久了，自己也就信了。前些天，我在豆瓣推荐首页上看到一个姑娘的文章，叫做再回英国必做的十件事。都是什么盛装拿着小手包去west end看戏啊，穿短裙带草帽去南部看海啊这种。戏精附体，画面感十足，以我活了这半辈子的人生经验来看，她的行文的重点必不在看戏or 看海，而是盛装，手包，短裙，草帽，她的兴趣也不是戏or海，而是被别人看，ok，我是看到了，可惜的是，再怎么看，您也不过就是一个没有灵魂的衣架，一束沾满了在大光圈下被柔化掉的灰尘的假花儿而已。。。。。。当然，哪能全世界人人都像我这么刻薄呢？。。。。。。最后这段也许你认为与主题无关，敬请无视，但请容我再说一句彩蛋，所有热爱这部戏的华裔观众朋友，你们是已经被歧视久了已经习惯了吗？凭什么导演要跪舔黑人但发现黑人屁股有点儿高为了舔的舒服就要拿华裔垫脚呢？操！",2,https://movie.douban.com/review/9925802/
