title,comment,rating
Coco,"Miguel's family is full of cowards and abusers. They assault strangers and try to control everything everybody does in the family. Miguel is the only one to stand up to them and he's considered in the wrong. It's not like he wants to do drugs or hurt people. He wants to play music, something every culture in world has. So what does his grandmother do? Destroys a thing he values (clear abuser move). He great great grandmother withholds the blessing that would prevent him from returning to the land of the living to stop him from playing music and the other dead family has the gall to ask HIM to be reasonable. Then GGGM is worried he'll get himself killed when he runs away. Oh, if you're worried about that maybe don't make his being alive conditional at all. All this comes to a boiling point when Miguel is finally emotionally beaten into submission and says family is more important. This is an abusive parent's wet dream of a movie to show their abused child. Add in an obvious twist one would have to be brain dead to miss and you have Coco. Such a beautiful aesthetic to waste on one of the worst lessons ever for children.",1
Coco,"Big disappointment. The movie should of been called, the Rivera family. I can't belive that they made a Mexican legend into the villain. There is more I want to say. I'm just going to let it go. As a Hispanic, this movie was a Big disappointment.",1
Coco,"The CGI in this movie is great . But the story line was pointless and nothing to do with Coco. It was more about the family Rivera. It's should of been called, ""Miguel"" or the "" the Rivera's"".",1
Coco,"As an avid fan of Pixar films, I was eagerly anticipating ""Coco,"" but unfortunately, it failed to meet even the lowest of expectations. From the contrived plot to the lackluster character development, this movie left me utterly underwhelmed.

First and foremost, the storyline felt cliché and predictable, lacking any originality or depth. It seemed as though the writers took a generic template and slapped on a few cultural elements to make it appear fresh. The supposed twists were easily foreseeable, leaving little room for genuine surprise or engagement.

Moreover, the characters were painfully one-dimensional, failing to evoke any real emotion or connection. Miguel, the protagonist, was bland and unrelatable, making it difficult to invest in his journey. Even the side characters lacked substance, serving as mere props to propel the lackluster plot forward.

Additionally, while the animation was visually stunning, it couldn't compensate for the glaring flaws in storytelling. Stunning visuals alone cannot salvage a film devoid of heart and soul.

In conclusion, ""Coco"" is an overhyped disappointment that falls short of Pixar's usual standard of excellence. Save yourself the disappointment and skip this forgettable film. I give it a generous 1 out of 10 stars.",1
Coco,"Coco is a Pixar film that has been widely praised for its vibrant depiction of Mexican culture and its heartfelt exploration of themes like family and remembrance. The story follows a young boy named Miguel who, on the Day of the Dead, finds himself transported to the Land of the Dead, where he embarks on a journey to discover his family's history.

While the film's visuals are stunning and the cultural representation is commendable, Coco didn't quite connect with me. The story, though touching, felt too predictable and sentimental for my liking. The musical elements, which many find uplifting, didn't resonate with me as strongly as they might with others, and I found myself not fully engaged with the characters or the narrative.

Coco is a film that has clearly struck a chord with many viewers, but it's not one that I would choose to watch again. I give it a 2/10 for its artistic merits, but the story just wasn't something I enjoyed.",2
Coco,"While Spirited Away is awesome, Coco just bored me lots. I accidentally wound up nearly watching this film when I was going to see Early Man, a film I actually like, so I was spared of this yawnfest. I can barely remember the film, except that the plot was the same as Spirited Away and that it involved the Day of the Dead. I don't mean to give Pixar harsh criticism (their animation is some of the best in the world) but I found this sooo dull.",2
Coco,"Please be warned my review must contain a major spoiler, as the main reason I was so saddened by ""Coco,"" when I went to the theater hoping for joyous laughs and a truly touching (and musical) celebration of Día de los Muertos (the impression I got from trailers, clips, and reviews I'd read prior to my seeing the film) is a critical plot point. Instead of joy, laughter, and earned tears I felt the filmmakers were far too calculated in their usage of an elderly woman's dementia and her slow decline toward death, so the supposedly ""uplifting"" ending instead came off as cruel and even heartless in manipulating the audience to tears (and likely tapping into very sad memories of relatives and friends who have passed from dementia and Alzheimer's). I also found the first third of the film almost completely unengaging, which truly surprised me, as Pixar is usually so careful with story and characters. This felt like a film that was coldly calculated to drain tear ducts rather than earning those tears from joyous creation and real caring for the characters onscreen. I hope I'm wrong about the filmmakers' intentions, but I came out of the theater thoroughly depressed and feeling, well, horribly manipulated. Dementia and Alzheimer's are incredibly cruel diseases, and their reality is very different than how it is portrayed at the end of ""Coco."" Either the filmmakers and scriptwriters have never actually closely experienced someone they loved being taken by these diseases or they are as heartless as it comes in using the gravity of these diseases as an easy way to make audiences cry. To those who loved the film and felt it earned its emotion: Of course I hope we will see our relatives and friends who have been diminished by memory diseases fully restored in the afterlife, but here it struck me as a cheap, quick, and easy shortcut trick of manipulation: The ""triumph"" of the final afterlife scene was either unintentionally cruel or coldly cruel, depending on the filmmakers' personal reasons for including same in the film. Be warned that if you have closely watched a loved one deteriorate and struggle with the fear and horror of losing their memory and faculties you, too, may find yourself angry at film's end, instead of joyous and uplifted. The only reason I gave this film two stars is that the animation is undeniably beautiful, and some of the songs tuneful and engaging--but that was it for me for any bit of enjoyment of the film.",2
Coco,"When i first heard about this movie, i thought how great it was to see an animated movie about mexican culture. The story however is so morbid, negative and depressing all the way til the end that the upside came up too late and short.. I dont want to spoil anything but while the look/feel of animation is amazing, this has to be arguably the worst animated story i have ever seen.",2
Coco,"Don't believe all the hype re this film. Good colorful detailed animation at times but the majority of this film occurs in the Mexican cultural ""after world"" with no plot. This causes no emotional climax at the end of this long drawn out film.

The plot is about a frustrated sad Mexican boy who overcomes his parents challenges by visiting his ancestors in a special annual night. In Mexican ""afterlife"" world, he meets too many ancestors relevant only to him, & they repeat the same cliche message.

The plot is stagnant during this very lengthy time & the animation sadly becomes dull & repetitive. The ancestors are introduced as characters only to waste time, worse they're interesting only to the boy, NOT viewers. Some scenes are inappropriate for very young kids scared of skeletons.

It's hard not to get sleepy due to the dull plot, repeating message & length of film. The ending leaves viewers detached from its mediocre start. One is glad it's over but dissatisfied of wasting both money & hours of time on another hyped studio awarded film with cliche story that's been told better in countless previous films.",3
Coco,This movie it's just Up with Skeletons. Everything is predictable and there are too many useless scenes.,3
Coco,"Coco

This movie is 7 years old, so spoilers are to be expected.

A cute movie that focuses on the Day of the Dead, Coco explores the idea that family is the most important thing in the world. Unless you wish to pursue your dreams against the will of a tyrannical matriarch, and then you're physically and emotionally abused.

Miguel wishes to be a musician. But his great great grandfather pursued his dreams leading to his wife and daughter to fend for themselves. It doesn't seem to matter that he died before he could return.

Flash forward to the present where we see Miguel concealing his dreams because the rest of the family doesn't care about independent thought. He has to run away, which I cheered for, so that he could explore what it's like to perform. However, due to an unexplained phenomenon, he ends up the only living person in the land of the dead.

This film then explores the concept that, over time, people become forgotten. The idea that, without photography, a person won't be remembered is a bit shaky. What about those people that existed before that invention? I guess they're all forgotten, and the land of the dead should be a lot less populated. I find it nice that, in order to remember Coco's father, it is music that brings an old woman back to life.

I enjoyed the music. I enjoyed the visuals, as always, due to Pixar's attention to detail. I did not enjoy the abuse of ""family"". My friends who grew up in this culture say it is completely normal. That is the saddest thing I've ever heard. Withholding love to mold a child to their whims is so abusive, and will lead one to therapy for years.

The sudden change back to a family that enjoys music, when the dozens of them hated it before, is lazy writing. The far superior Encanto explores these themes in a much better way, without the need for random abuse masked as love.

Again, I found it cute due to the bond that Miguel shares with Hector, and the explanation of family remembering you is paramount. But the real life family is such crap, it really drags the movie down. And the characterization of everyone, except Miguel and Hector, was not done well.

It's worth it for the land of the dead sequence and music, but the rest of this movie can be skipped. Go see Encanto instead. You won't be hit with a shoe by narcissistic women.",3
Coco,"So i think it looks great like all pixar films a fine concept wasted on a predictable, chicle scrip the voice acting was fine for most of the part but it was just so damn predictable and it just ends up as a disappointment.",3
Coco,"I think, people just used to rate 4/10 movies and series like 10/10. Something like Coco, Wall-E, Fight Club, Your Name, Avengers, Dark Knight, Kill Bill, Black Lagoon, Gangsta, Bladerunner 2049 and other childish trash. I do not believe that CoCo could not be a great movie, cause beginning was made perfectly, so i suppouse that this childish action and ""shocking"" empty twists were made on purpose for the most stupid audience(not about age, it is actually about 99%+ of audience). This Oscars winner worse than averange anime series and it's not a compliment.",4
Coco,"This movie (to me) is just a ripoff of The Book of Life. However, I still like this movie. (Kinda). I think it's mildly overrated and I do actually like the twist. It's heartwarming but it's just another Disney Movie.",4
Coco,"It baffles me how this won the Oscar for Best Animated Feature, this was a giant miss from Pixar, the plot makes no sense, the story is formulaic and the characters are cliched.

All of the movie is either exposition or filler, the plot makes less sense than school on Fridays and I never related to the main protagonist once.

And the plot twist at the end was even worse, with legitimately terrible dialogue and a nonsensical story.

It baffles me how this has a higher rating than almost every Pixar movie, and I'm gonna give Coco a D+.",4
Coco,This movie is the second worst pixar movie. It is basically the book of life but with better animation and better characters but apart from that it is the same.,4
Coco,"It is the most predictable Disney movie I have watched so far and the characters are pretty blind, in terms of not really my taste so not that great but the visuals are amazing.",4
Coco,If you want to watch coco don't you should watch book of life instead This movie is way worse than book of life because it ripped off book of life. Listen to the medium reviews its a good story but its been done before.,4
Coco,"An average movie at best. But since it has some ""culture"" in it..",4
Coco,"If you tear somebody's head out of a photo, they're no longer allowed return to their families on dios de los muertos?This has all kinds of random and cruel consequences. What if the house burns down and all the photos are lost? What about people who lived before there were photographs, or people who could not afford them? This really bothered me throughout the movie, why use a universe that is so badly designed?

Apart from that, is ok, but not exceptional.",4
Coco,"""Coco"" its the latest Disney Pixar animated film, I try not to miss that many Pixar movies and even if a few of them have escaped me I still do whatever I can do to watch them, I love a good Disney movie and ""Coco"" its no exception.

I know that the gimmick this time its that it takes elements from the Mexican tradition known as El dia de los muertos (actually, it takes elements from general Mexican culture) but I cant help to feel that this is a small story that happens to take place in a huge startling world, we follow our characters through a journey that only affects them, the rest of the world does not depend on their fate but they aren't apathetic towards them, its a nice balance between a big story and a personal one.

The plot isn't anything special, the world it establishes isn't special either, the characters are likable but they aren't great, except for a few of them like our main lead who carries the whole movie (as it should be), yet I wish they would have developed the rest of the family a little more or at least in a better way.

The movie opens with exposition, as many modern Pixar movies do, I remember ""Moana"" doing this too, it doesn't bother me that much, I know that there's a lot to explain and to establish, so I just go along with it until it stops giving us information and tries to have actual scenes, when we get to them they are worth it. While I do like movie I will say it hits all the story beats a movie like this would, its not original, its quite predictable and melodramatic at points, but its effective, for whatever flaws it may have, never do they break the mood and they feel somewhat insignificant when compared to the wonders the film offers. The themes and subjects it plays with are familiar to me, physical death isn't the worst thing awaiting man and the pursuit of a dream will take away part of you.

I was predicting where it would go and I was also awaiting for an specific moment to come, as I knew that it will be executed perfectly, and it was. I had a good time watching this, when its not being good its about as average as you can get, that goes to show how superior Pixar is to the rest, when they are not being exceptional they on the same level as their competition.",4
Coco,"Honestly, I wasn't amazed or fantacised by 'Coco'. It's nowhere even near the same level as Toy Story 3, Inside Out, Up and WALLE. It went on for too long, some scenes dragged and weren't that entertaining. The first half especially was extremely dull, I literally just didn't know why I was watching the film. But the day of the dead scenes were kinda entertaining and quite a bit of fun. That was really when the film started to pick itself up a bit. The animation is spectacular and I'm glad that Pixar satisfied me with their stunning visuals, like they always do. The characters are good-fun and are people you can definitely relate to. Miguel is a great lead and when he's stuck with these skeleton-like people (I don't know what to call them, sorry!), it really is a lot of fun and entertaining. Although I didn't even enjoy Coco that much, I'm pretty sure you will, I'm pretty sure you'd like to watch it.I enjoyed this one less then Cars 3 but give it a watch, and if you don't want to, don't. The first 40-50 minutes you may not be entertained or satisfied like I was, but you will be surprised and amazed and the second half. My overall review of the film is that it's not bad, watch it if you want to.",4
